entry_idx,entry_time,entry_price,exit_idx,exit_time,exit_price,exit_reason,roi,roi_pct,pnl,minutes_held,max_price,min_price,max_gain_pct,max_loss_pct
24,2026-01-31 20:24:00+00:00,100.82306971440228,144,2026-01-31 22:24:00+00:00,103.94328345699068,TIMEOUT,0.03094741859603082,3.094741859603082,30.94741859603082,120,103.94328345699068,100.414034431575,3.094741859603082,-0.4056961209234499
25,2026-01-31 20:25:00+00:00,100.5292670565659,145,2026-01-31 22:25:00+00:00,103.95271073067217,TIMEOUT,0.034054199083934034,3.4054199083934034,34.05419908393404,120,103.95271073067217,100.414034431575,3.4054199083934034,-0.11462594761190895
26,2026-01-31 20:26:00+00:00,100.5346553816686,146,2026-01-31 22:26:00+00:00,103.7838254538312,TIMEOUT,0.03231890595165903,3.231890595165903,32.31890595165903,120,103.95271073067217,100.414034431575,3.3998777198044796,-0.11997947338225963
27,2026-01-31 20:27:00+00:00,100.414034431575,147,2026-01-31 22:27:00+00:00,103.84700669895864,TIMEOUT,0.03418817187076532,3.418817187076532,34.188171870765316,120,103.95271073067217,100.414034431575,3.524085372257916,0.0
28,2026-01-31 20:28:00+00:00,100.53156938565938,148,2026-01-31 22:28:00+00:00,103.94876009290776,TIMEOUT,0.03399122015234187,3.399122015234187,33.99122015234187,120,103.95271073067217,100.53156938565938,3.4030517636590316,0.0
29,2026-01-31 20:29:00+00:00,100.5509202309904,149,2026-01-31 22:29:00+00:00,104.0076040193989,TIMEOUT,0.03437744558147889,3.437744558147889,34.377445581478895,120,104.0076040193989,100.5509202309904,3.437744558147889,0.0
30,2026-01-31 20:30:00+00:00,100.5778926560055,150,2026-01-31 22:30:00+00:00,104.04833316880166,TIMEOUT,0.03450500324823558,3.4505003248235577,34.505003248235575,120,104.04833316880166,100.5778926560055,3.4505003248235577,0.0
31,2026-01-31 20:31:00+00:00,100.76117303568248,151,2026-01-31 22:31:00+00:00,103.82763503813123,TIMEOUT,0.030432972444285014,3.0432972444285014,30.432972444285014,120,104.04833316880166,100.64292651241028,3.2623281707479803,-0.11735326188621925
32,2026-01-31 20:32:00+00:00,100.64292651241028,152,2026-01-31 22:32:00+00:00,103.76214178490238,TIMEOUT,0.030992891210367062,3.099289121036706,30.992891210367063,120,104.04833316880166,100.64292651241028,3.3836522589309412,0.0
33,2026-01-31 20:33:00+00:00,100.65575832604172,153,2026-01-31 22:33:00+00:00,103.5776787519428,TIMEOUT,0.029028845189725396,2.9028845189725394,29.028845189725395,120,104.04833316880166,100.65575832604172,3.3704726874847974,0.0
161,2026-01-31 22:41:00+00:00,103.28259247895626,281,2026-02-01 00:41:00+00:00,105.53449035880097,TIMEOUT,0.021803266414943324,2.1803266414943323,21.803266414943323,120,106.38959927736327,103.28259247895626,3.008257949218368,0.0
1625,2026-02-01 23:05:00+00:00,98.2058706083802,1697,2026-02-02 00:17:00+00:00,102.1341054327154,TP_HIT,0.03999999999999998,3.9999999999999982,39.99999999999998,72,102.1728069045794,98.2058706083802,4.039408511552565,0.0
1624,2026-02-01 23:04:00+00:00,98.3921405614676,1712,2026-02-02 00:32:00+00:00,102.3278261839263,TP_HIT,0.04000000000000002,4.000000000000002,40.00000000000002,88,102.35863122519132,98.2058706083802,4.03130843692314,-0.18931385375342782
1623,2026-02-01 23:03:00+00:00,98.68611241926584,1713,2026-02-02 00:33:00+00:00,102.63355691603648,TP_HIT,0.0400000000000001,4.00000000000001,40.0000000000001,90,102.7555950198935,98.2058706083802,4.123662895280093,-0.4866356563376894
1626,2026-02-01 23:06:00+00:00,98.5341306892373,1713,2026-02-02 00:33:00+00:00,102.47549591680679,TP_HIT,0.039999999999999994,3.9999999999999996,39.99999999999999,87,102.7555950198935,98.5341306892373,4.284266072200002,0.0
1620,2026-02-01 23:00:00+00:00,99.67728817181512,1740,2026-02-02 01:00:00+00:00,102.4806866804318,TIMEOUT,0.02812474697129023,2.8124746971290233,28.124746971290232,120,102.7555950198935,98.2058706083802,3.0882730705637416,-1.476181375338606
1621,2026-02-01 23:01:00+00:00,99.48646412872604,1741,2026-02-02 01:01:00+00:00,102.36703111689916,TIMEOUT,0.028954360911308846,2.8954360911308847,28.954360911308846,120,102.7555950198935,98.2058706083802,3.2860057092164006,-1.2872037734589499
1622,2026-02-01 23:02:00+00:00,98.85109354712804,1742,2026-02-02 01:02:00+00:00,101.81896667268802,TIMEOUT,0.030023675197331214,3.0023675197331214,30.023675197331215,120,102.7555950198935,98.2058706083802,3.949881921037078,-0.6527221051330448
1627,2026-02-01 23:07:00+00:00,99.62513312339031,1747,2026-02-02 01:07:00+00:00,100.76760741714564,TIMEOUT,0.011467731665064082,1.1467731665064083,11.467731665064083,120,102.7555950198935,98.91723788852674,3.1422411176364213,-0.7105588847613485
1630,2026-02-01 23:10:00+00:00,99.6269498076322,1748,2026-02-02 01:08:00+00:00,100.64710672112888,ROLLING_STOP,0.010239768611469881,1.0239768611469882,10.23976861146988,118,102.7555950198935,98.91723788852674,3.140360332522823,-0.7123694145769074
1633,2026-02-01 23:13:00+00:00,99.52019802915152,1748,2026-02-02 01:08:00+00:00,100.64710672112888,ROLLING_STOP,0.01132341689721385,1.132341689721385,11.32341689721385,115,102.7555950198935,98.91723788852674,3.250995330409486,-0.605867102925332
1884,2026-02-02 03:24:00+00:00,96.66198062823742,1939,2026-02-02 04:19:00+00:00,100.52845985336691,TP_HIT,0.03999999999999999,3.9999999999999987,39.999999999999986,55,100.7282921947357,96.2305693720814,4.206733133409862,-0.4463091417661109
1883,2026-02-02 03:23:00+00:00,96.97701945001288,1940,2026-02-02 04:20:00+00:00,100.85610022801339,TP_HIT,0.03999999999999999,3.9999999999999987,39.999999999999986,57,100.95626074429067,96.2305693720814,4.103282733213833,-0.7697185190520632
1877,2026-02-02 03:17:00+00:00,97.2653561808112,1944,2026-02-02 04:24:00+00:00,101.15597042804364,TP_HIT,0.040000000000000015,4.000000000000002,40.000000000000014,67,101.21866200610248,96.2305693720814,4.06445417003593,-1.0638801412562318
1878,2026-02-02 03:18:00+00:00,97.15958972891704,1944,2026-02-02 04:24:00+00:00,101.04597331807372,TP_HIT,0.03999999999999998,3.9999999999999982,39.99999999999998,66,101.21866200610248,96.2305693720814,4.177737152359915,-0.9561797856780546
1880,2026-02-02 03:20:00+00:00,97.3236701047843,1944,2026-02-02 04:24:00+00:00,101.21661690897568,TP_HIT,0.040000000000000105,4.000000000000011,40.00000000000011,64,101.21866200610248,96.2305693720814,4.002101335805159,-1.1231602050415876
1881,2026-02-02 03:21:00+00:00,97.11880276528058,1944,2026-02-02 04:24:00+00:00,101.00355487589181,TP_HIT,0.040000000000000084,4.000000000000008,40.000000000000085,63,101.21866200610248,96.2305693720814,4.221488655220095,-0.9145843728591667
1882,2026-02-02 03:22:00+00:00,97.321954862342,1944,2026-02-02 04:24:00+00:00,101.21483305683569,TP_HIT,0.040000000000000105,4.000000000000011,40.00000000000011,62,101.21866200610248,96.2305693720814,4.003934311915761,-1.1214175586632154
1876,2026-02-02 03:16:00+00:00,97.42198726382856,1945,2026-02-02 04:25:00+00:00,101.3188667543817,TP_HIT,0.04000000000000005,4.000000000000005,40.00000000000005,69,101.34819766960422,96.2305693720814,4.030107079568281,-1.2229455846765582
1879,2026-02-02 03:19:00+00:00,97.39404023747296,1945,2026-02-02 04:25:00+00:00,101.28980184697188,TP_HIT,0.04000000000000001,4.000000000000001,40.00000000000001,66,101.34819766960422,96.2305693720814,4.059958312120485,-1.1946017051502367
1875,2026-02-02 03:15:00+00:00,98.46404850202342,1984,2026-02-02 05:04:00+00:00,99.56770583903744,ROLLING_STOP,0.01120873408928892,1.1208734089288919,11.20873408928892,109,101.6015110761413,96.2305693720814,3.186404197115068,-2.2683194159908164
2001,2026-02-02 05:21:00+00:00,98.35518628440605,2073,2026-02-02 06:33:00+00:00,97.52720604498504,ROLLING_STOP,-0.00841826720786033,-0.8418267207860329,-8.41826720786033,72,99.72879651377002,97.52720604498504,1.3965813916431555,-0.8418267207860329
2002,2026-02-02 05:22:00+00:00,98.3707013307117,2073,2026-02-02 06:33:00+00:00,97.52720604498504,ROLLING_STOP,-0.008574659673218356,-0.8574659673218357,-8.574659673218356,71,99.72879651377002,97.52720604498504,1.3805891029408794,-0.8574659673218357
2003,2026-02-02 05:23:00+00:00,98.21663148407468,2073,2026-02-02 06:33:00+00:00,97.52720604498504,ROLLING_STOP,-0.007019436817087676,-0.7019436817087675,-7.0194368170876755,70,99.72879651377002,97.52720604498504,1.5396221666801195,-0.7019436817087675
2004,2026-02-02 05:24:00+00:00,98.3478211874903,2073,2026-02-02 06:33:00+00:00,97.52720604498504,ROLLING_STOP,-0.00834400938014519,-0.8344009380145191,-8.344009380145192,69,99.72879651377002,97.52720604498504,1.4041748048968292,-0.8344009380145191
2005,2026-02-02 05:25:00+00:00,98.5007304031072,2073,2026-02-02 06:33:00+00:00,97.52720604498504,ROLLING_STOP,-0.009883422733395819,-0.9883422733395819,-9.883422733395818,68,99.72879651377002,97.52720604498504,1.2467583800008895,-0.9883422733395819
2006,2026-02-02 05:26:00+00:00,98.27896718568758,2073,2026-02-02 06:33:00+00:00,97.52720604498504,ROLLING_STOP,-0.007649257641079695,-0.7649257641079695,-7.649257641079695,67,99.72879651377002,97.52720604498504,1.475218319442803,-0.7649257641079695
2007,2026-02-02 05:27:00+00:00,98.56652141049496,2073,2026-02-02 06:33:00+00:00,97.52720604498504,ROLLING_STOP,-0.010544303995283931,-1.0544303995283932,-10.544303995283931,66,99.72879651377002,97.52720604498504,1.179178372780953,-1.0544303995283932
2008,2026-02-02 05:28:00+00:00,98.6413373928622,2073,2026-02-02 06:33:00+00:00,97.52720604498504,ROLLING_STOP,-0.011294771313165326,-1.1294771313165326,-11.294771313165326,65,99.72879651377002,97.52720604498504,1.102437527359106,-1.1294771313165326
2009,2026-02-02 05:29:00+00:00,98.1830450551014,2073,2026-02-02 06:33:00+00:00,97.52720604498504,ROLLING_STOP,-0.006679758299900992,-0.6679758299900992,-6.679758299900992,64,99.72879651377002,97.52720604498504,1.5743568126259742,-0.6679758299900992
2010,2026-02-02 05:30:00+00:00,98.3347366122205,2073,2026-02-02 06:33:00+00:00,97.52720604498504,ROLLING_STOP,-0.008212058068756802,-0.8212058068756802,-8.212058068756802,63,99.72879651377002,97.52720604498504,1.4176678044574933,-0.8212058068756802
4220,2026-02-03 18:20:00+00:00,97.760844354598,4340,2026-02-03 20:20:00+00:00,99.6078798037045,TIMEOUT,0.01889340728693929,1.889340728693929,18.89340728693929,120,99.81703151282744,96.66224342659632,2.1032829368486583,-1.1237637473924054
4224,2026-02-03 18:24:00+00:00,97.80901607679854,4344,2026-02-03 20:24:00+00:00,100.0692535556056,TIMEOUT,0.023108682302174915,2.3108682302174914,23.108682302174916,120,100.14308890721124,96.66224342659632,2.3863575404745982,-1.172461084059766
4225,2026-02-03 18:25:00+00:00,97.937507288736,4345,2026-02-03 20:25:00+00:00,100.86363910737296,TIMEOUT,0.02987754027688533,2.987754027688533,29.87754027688533,120,100.86363910737296,96.66224342659632,2.987754027688533,-1.302119992067995
4226,2026-02-03 18:26:00+00:00,97.93066232372176,4346,2026-02-03 20:26:00+00:00,101.30043733610772,TIMEOUT,0.034409805186926594,3.440980518692659,34.4098051869266,120,101.30043733610772,96.66224342659632,3.440980518692659,-1.2952214015795473
4227,2026-02-03 18:27:00+00:00,97.7259473746727,4347,2026-02-03 20:27:00+00:00,100.7814883701722,TIMEOUT,0.03126642491154189,3.1266424911541892,31.266424911541893,120,101.30043733610772,96.66224342659632,3.6576672393164325,-1.088456010560054
4228,2026-02-03 18:28:00+00:00,97.83595896836133,4348,2026-02-03 20:28:00+00:00,100.9055682519608,TIMEOUT,0.031375062052513246,3.1375062052513245,31.375062052513247,120,101.30043733610772,96.66224342659632,3.541109428759987,-1.1996770452718388
4229,2026-02-03 18:29:00+00:00,97.9071726856777,4349,2026-02-03 20:29:00+00:00,100.8674506937246,TIMEOUT,0.030235558099002854,3.0235558099002855,30.235558099002855,120,101.30043733610772,96.66224342659632,3.4657978137350596,-1.271540403968266
4230,2026-02-03 18:30:00+00:00,97.90589891842986,4350,2026-02-03 20:30:00+00:00,100.92994209861784,TIMEOUT,0.03088724186790282,3.088724186790282,30.88724186790282,120,101.30043733610772,96.66224342659632,3.467143915920755,-1.2702559351093703
4231,2026-02-03 18:31:00+00:00,97.5332087055488,4351,2026-02-03 20:31:00+00:00,100.9183955240226,TIMEOUT,0.034708043172183775,3.4708043172183776,34.70804317218378,120,101.30043733610772,96.66224342659632,3.8625086578788985,-0.8929935665111898
4232,2026-02-03 18:32:00+00:00,97.58012533386062,4352,2026-02-03 20:32:00+00:00,100.6285841627097,TIMEOUT,0.031240570950478715,3.1240570950478714,31.240570950478716,120,101.30043733610772,96.66224342659632,3.8125714529658814,-0.9406443208838494
5387,2026-02-04 13:47:00+00:00,94.7122423414322,5507,2026-02-04 15:47:00+00:00,92.2521650838064,TIMEOUT,-0.025974226739953647,-2.5974226739953648,-25.974226739953647,120,94.7122423414322,91.78518496029191,0.0,-3.090474165513274
5603,2026-02-04 17:23:00+00:00,90.5078317146388,5711,2026-02-04 19:11:00+00:00,94.12814498322436,TP_HIT,0.04000000000000011,4.0000000000000115,40.000000000000114,108,94.13830253773568,90.02189736808045,4.011222845933774,-0.5368975671524753
5595,2026-02-04 17:15:00+00:00,91.48117599817095,5715,2026-02-04 19:15:00+00:00,93.53093387239744,TIMEOUT,0.022406334984887696,2.2406334984887697,22.406334984887696,120,94.13830253773568,90.02189736808045,2.9045609772417604,-1.5951682017289386
5596,2026-02-04 17:16:00+00:00,91.45503281843202,5716,2026-02-04 19:16:00+00:00,93.20726170314948,TIMEOUT,0.0191594582683734,1.9159458268373402,19.1594582683734,120,94.13830253773568,90.02189736808045,2.933977099577264,-1.5670383643039207
5597,2026-02-04 17:17:00+00:00,91.11109263558224,5717,2026-02-04 19:17:00+00:00,93.17218316679026,TIMEOUT,0.022621729929765893,2.2621729929765895,22.62172992976589,120,94.13830253773568,90.02189736808045,3.322548127330006,-1.1954584628440976
5598,2026-02-04 17:18:00+00:00,91.01590432160248,5718,2026-02-04 19:18:00+00:00,93.2809940884921,TIMEOUT,0.02488674681389724,2.488674681389724,24.88674681389724,120,94.13830253773568,90.02189736808045,3.4306072542006376,-1.0921244599292583
5599,2026-02-04 17:19:00+00:00,90.9723048111207,5719,2026-02-04 19:19:00+00:00,93.5307580305176,TIMEOUT,0.02812342970433522,2.812342970433522,28.12342970433522,120,94.13830253773568,90.02189736808045,3.480177547648512,-1.0447217370314092
5600,2026-02-04 17:20:00+00:00,91.1165661143842,5720,2026-02-04 19:20:00+00:00,93.4392340684026,TIMEOUT,0.025491170849246143,2.5491170849246143,25.491170849246142,120,94.13830253773568,90.02189736808045,3.3163414208982744,-1.2013937673304642
5601,2026-02-04 17:21:00+00:00,90.9414096758618,5721,2026-02-04 19:21:00+00:00,93.33482987835175,TIMEOUT,0.02631826591451248,2.631826591451248,26.31826591451248,120,94.13830253773568,90.02189736808045,3.5153324247649254,-1.0111040845515096
5602,2026-02-04 17:22:00+00:00,90.60551491550912,5722,2026-02-04 19:22:00+00:00,93.27015481972428,TIMEOUT,0.02940924629919026,2.940924629919026,29.409246299190258,120,94.13830253773568,90.02189736808045,3.8990867449083395,-0.6441302695237753
5604,2026-02-04 17:24:00+00:00,90.522718320042,5724,2026-02-04 19:24:00+00:00,93.20935189528733,TIMEOUT,0.02967910846144459,2.967910846144459,29.67910846144459,120,94.13830253773568,90.02189736808045,3.9941180344483525,-0.5532544329821284
5881,2026-02-04 22:01:00+00:00,89.362954968754,5932,2026-02-04 22:52:00+00:00,90.62675087167814,ROLLING_STOP,0.014142279688110515,1.4142279688110515,14.142279688110515,51,92.67184525790114,89.362954968754,3.7027538875634836,0.0
5882,2026-02-04 22:02:00+00:00,89.8693249803235,5932,2026-02-04 22:52:00+00:00,90.62675087167814,ROLLING_STOP,0.00842808034354857,0.8428080343548571,8.42808034354857,50,92.67184525790114,89.54318887548897,3.1184392207143445,-0.3629003610586129
5883,2026-02-04 22:03:00+00:00,89.54318887548897,5932,2026-02-04 22:52:00+00:00,90.62675087167814,ROLLING_STOP,0.012100998521460777,1.2100998521460777,12.100998521460777,49,92.67184525790114,89.54318887548897,3.4940193907574746,0.0
5884,2026-02-04 22:04:00+00:00,89.71395844586363,5932,2026-02-04 22:52:00+00:00,90.62675087167814,ROLLING_STOP,0.010174474982790163,1.0174474982790163,10.174474982790162,48,92.67184525790114,89.71395844586363,3.2970196202215307,0.0
7220,2026-02-05 20:20:00+00:00,77.85671966843952,7270,2026-02-05 21:10:00+00:00,79.04938768594337,ROLLING_STOP,0.015318755048799156,1.5318755048799155,15.318755048799156,50,80.74876888154286,77.85671966843952,3.7145788127465544,0.0
7224,2026-02-05 20:24:00+00:00,78.11651350474465,7270,2026-02-05 21:10:00+00:00,79.04938768594337,ROLLING_STOP,0.011942086754064697,1.1942086754064698,11.942086754064697,46,80.74876888154286,78.01981389302473,3.369652918058529,-0.12378894984098297
7225,2026-02-05 20:25:00+00:00,78.09844504974407,7270,2026-02-05 21:10:00+00:00,79.04938768594337,ROLLING_STOP,0.012176204476204447,1.2176204476204446,12.176204476204447,45,80.74876888154286,78.01981389302473,3.3935679898757107,-0.10068210278611311
7230,2026-02-05 20:30:00+00:00,78.3698021266072,7270,2026-02-05 21:10:00+00:00,79.04938768594337,ROLLING_STOP,0.008671523225722809,0.8671523225722809,8.671523225722808,40,80.74876888154286,78.01981389302473,3.0355656010109815,-0.4465855777166001
7231,2026-02-05 20:31:00+00:00,78.04120696258141,7270,2026-02-05 21:10:00+00:00,79.04938768594337,ROLLING_STOP,0.012918569081656497,1.2918569081656497,12.918569081656496,39,80.74876888154286,78.01981389302473,3.4694003646812464,-0.02741253036608925
7247,2026-02-05 20:47:00+00:00,78.20152757773181,7270,2026-02-05 21:10:00+00:00,79.04938768594337,ROLLING_STOP,0.010841989082231107,1.0841989082231107,10.841989082231107,23,80.74876888154286,78.01981389302473,3.257278192269464,-0.23236590171011023
7248,2026-02-05 20:48:00+00:00,78.09300178467382,7270,2026-02-05 21:10:00+00:00,79.04938768594337,ROLLING_STOP,0.012246755527551662,1.2246755527551663,12.246755527551661,22,80.74876888154286,78.01981389302473,3.4007747636488608,-0.09371888642581
7249,2026-02-05 20:49:00+00:00,78.01981389302473,7270,2026-02-05 21:10:00+00:00,79.04938768594337,ROLLING_STOP,0.013196311828304528,1.3196311828304528,13.196311828304529,21,80.74876888154286,78.01981389302473,3.4977717227829803,0.0
7250,2026-02-05 20:50:00+00:00,78.17577331523842,7270,2026-02-05 21:10:00+00:00,79.04938768594337,ROLLING_STOP,0.011175001329147928,1.1175001329147929,11.175001329147928,20,80.74876888154286,78.17577331523842,3.2912953171937485,0.0
7273,2026-02-05 21:13:00+00:00,78.74977149317358,7306,2026-02-05 21:46:00+00:00,78.87227818755724,ROLLING_STOP,0.0015556450775768783,0.15556450775768782,1.5556450775768784,33,80.49474253086677,78.53218075670641,2.2158426679935865,-0.276306498852552
7306,2026-02-05 21:46:00+00:00,78.87227818755724,7332,2026-02-05 22:12:00+00:00,77.65546586629037,ROLLING_STOP,-0.015427629950960819,-1.542762995096082,-15.427629950960819,26,79.51892845282693,77.65546586629037,0.8198701497273336,-1.542762995096082
7307,2026-02-05 21:47:00+00:00,78.7812919249182,7332,2026-02-05 22:12:00+00:00,77.65546586629037,ROLLING_STOP,-0.014290525467655203,-1.4290525467655202,-14.290525467655202,25,79.51892845282693,77.65546586629037,0.9363092555168196,-1.4290525467655202
7308,2026-02-05 21:48:00+00:00,78.77930419571724,7332,2026-02-05 22:12:00+00:00,77.65546586629037,ROLLING_STOP,-0.014265654424096457,-1.4265654424096457,-14.265654424096457,24,79.51892845282693,77.65546586629037,0.9388560417748536,-1.4265654424096457
7309,2026-02-05 21:49:00+00:00,78.89408561176171,7332,2026-02-05 22:12:00+00:00,77.65546586629037,ROLLING_STOP,-0.015699779468471124,-1.5699779468471124,-15.699779468471123,23,79.51892845282693,77.65546586629037,0.7920021332651883,-1.5699779468471124
7310,2026-02-05 21:50:00+00:00,78.90552297638995,7332,2026-02-05 22:12:00+00:00,77.65546586629037,ROLLING_STOP,-0.015842453898615143,-1.5842453898615143,-15.842453898615144,22,79.51892845282693,77.65546586629037,0.7773923209665862,-1.5842453898615143
7311,2026-02-05 21:51:00+00:00,78.38230527667841,7332,2026-02-05 22:12:00+00:00,77.65546586629037,ROLLING_STOP,-0.009273003745199867,-0.9273003745199867,-9.273003745199867,21,79.51892845282693,77.65546586629037,1.4501017444388753,-0.9273003745199867
7312,2026-02-05 21:52:00+00:00,78.58500137854165,7332,2026-02-05 22:12:00+00:00,77.65546586629037,ROLLING_STOP,-0.011828408677805222,-1.1828408677805222,-11.828408677805221,20,79.51892845282693,77.65546586629037,1.1884291632019954,-1.1828408677805222
7313,2026-02-05 21:53:00+00:00,78.8514250306653,7332,2026-02-05 22:12:00+00:00,77.65546586629037,ROLLING_STOP,-0.015167248580603561,-1.516724858060356,-15.16724858060356,19,79.51892845282693,77.65546586629037,0.8465331119913662,-1.516724858060356
7316,2026-02-05 21:56:00+00:00,78.84182301139805,7332,2026-02-05 22:12:00+00:00,77.65546586629037,ROLLING_STOP,-0.015047307378168666,-1.5047307378168666,-15.047307378168666,16,79.51892845282693,77.65546586629037,0.8588150496355091,-1.5047307378168666
7317,2026-02-05 21:57:00+00:00,78.84854789080933,7332,2026-02-05 22:12:00+00:00,77.65546586629037,ROLLING_STOP,-0.015131312578782759,-1.5131312578782758,-15.131312578782758,15,79.51892845282693,77.65546586629037,0.8502129461482939,-1.5131312578782758
7337,2026-02-05 22:17:00+00:00,77.66906741917366,7379,2026-02-05 22:59:00+00:00,80.77583011594061,TP_HIT,0.04000000000000004,4.000000000000004,40.00000000000004,42,80.81665689700733,77.65647262285363,4.052565046064466,-0.0162159746969244
7338,2026-02-05 22:18:00+00:00,77.65647262285363,7379,2026-02-05 22:59:00+00:00,80.76273152776777,TP_HIT,0.039999999999999966,3.9999999999999964,39.999999999999964,41,80.81665689700733,77.65647262285363,4.069440920271329,0.0
7333,2026-02-05 22:13:00+00:00,77.9019736654045,7384,2026-02-05 23:04:00+00:00,81.01805261202068,TP_HIT,0.040000000000000056,4.000000000000005,40.00000000000006,51,81.3431496812907,77.65647262285363,4.417315574912567,-0.3151409791044806
7335,2026-02-05 22:15:00+00:00,77.87331642650148,7384,2026-02-05 23:04:00+00:00,80.98824908356154,TP_HIT,0.0400000000000001,4.00000000000001,40.0000000000001,49,81.3431496812907,77.65647262285363,4.45574095725604,-0.2784571321712099
7336,2026-02-05 22:16:00+00:00,77.85912221935122,7384,2026-02-05 23:04:00+00:00,80.97348710812527,TP_HIT,0.039999999999999994,3.9999999999999996,39.99999999999999,48,81.3431496812907,77.65647262285363,4.474783895102212,-0.26027726838054027
7339,2026-02-05 22:19:00+00:00,77.82415089013061,7384,2026-02-05 23:04:00+00:00,80.93711692573584,TP_HIT,0.040000000000000015,4.000000000000002,40.000000000000014,45,81.3431496812907,77.81955357060248,4.521731044811635,-0.005907317298740486
7340,2026-02-05 22:20:00+00:00,77.93830251354079,7384,2026-02-05 23:04:00+00:00,81.05583461408243,TP_HIT,0.04000000000000008,4.000000000000008,40.00000000000008,44,81.3431496812907,77.81955357060248,4.36864424543806,-0.15236275247036526
7341,2026-02-05 22:21:00+00:00,77.81955357060248,7384,2026-02-05 23:04:00+00:00,80.93233571342658,TP_HIT,0.040000000000000036,4.0000000000000036,40.000000000000036,43,81.3431496812907,77.81955357060248,4.527905839875325,0.0
7342,2026-02-05 22:22:00+00:00,78.1479390960354,7384,2026-02-05 23:04:00+00:00,81.27385665987681,TP_HIT,0.03999999999999995,3.999999999999995,39.99999999999995,42,81.3431496812907,78.1479390960354,4.0886690323704205,0.0
7334,2026-02-05 22:14:00+00:00,78.30647651991123,7397,2026-02-05 23:17:00+00:00,79.59039352427143,ROLLING_STOP,0.016396051277236815,1.6396051277236816,16.396051277236815,63,81.3431496812907,77.65647262285363,3.8779335967278823,-0.830076803279896
7440,2026-02-06 00:00:00+00:00,76.5193670092181,7448,2026-02-06 00:08:00+00:00,74.18062510527434,ROLLING_STOP,-0.030564051891098544,-3.0564051891098543,-30.564051891098543,8,77.0275226437947,74.18062510527434,0.6640876087166009,-3.0564051891098543
7441,2026-02-06 00:01:00+00:00,76.77917805829497,7448,2026-02-06 00:08:00+00:00,74.18062510527434,ROLLING_STOP,-0.0338445007974384,-3.38445007974384,-33.8445007974384,7,77.0275226437947,74.18062510527434,0.3234530399780602,-3.38445007974384
7450,2026-02-06 00:10:00+00:00,70.50765581231147,7454,2026-02-06 00:14:00+00:00,68.38618973805059,ROLLING_STOP,-0.030088449967874933,-3.0088449967874933,-30.088449967874933,4,72.04057353059707,68.38618973805059,2.1741152795749836,-3.0088449967874933
7455,2026-02-06 00:15:00+00:00,67.85742026926611,7459,2026-02-06 00:19:00+00:00,70.57171708003676,TP_HIT,0.04000000000000005,4.000000000000005,40.00000000000005,4,70.7681177764399,67.85742026926611,4.28943142197831,0.0
7460,2026-02-06 00:20:00+00:00,71.19046270381489,7472,2026-02-06 00:32:00+00:00,74.03808121196748,TP_HIT,0.03999999999999996,3.999999999999996,39.99999999999996,12,74.1205608881687,71.19046270381489,4.115857761094162,0.0
7449,2026-02-06 00:09:00+00:00,72.20573279462327,7473,2026-02-06 00:33:00+00:00,75.09396210640821,TP_HIT,0.040000000000000126,4.000000000000012,40.00000000000013,24,75.2389087871083,67.85742026926611,4.200741236312043,-6.0221153599052615
7448,2026-02-06 00:08:00+00:00,74.18062510527434,7505,2026-02-06 01:05:00+00:00,77.14785010948532,TP_HIT,0.04,4.0,40.0,57,77.16285907990533,67.85742026926611,4.020233006123516,-8.524065181487183
7473,2026-02-06 00:33:00+00:00,75.2389087871083,7538,2026-02-06 01:38:00+00:00,78.24846513859264,TP_HIT,0.040000000000000036,4.0000000000000036,40.000000000000036,65,78.40097231162055,74.32508192192573,4.202697215425388,-1.2145668775822935
7474,2026-02-06 00:34:00+00:00,75.26123455859943,7538,2026-02-06 01:38:00+00:00,78.2716839409434,TP_HIT,0.040000000000000015,4.000000000000002,40.000000000000014,64,78.40097231162055,74.32508192192573,4.171786141212552,-1.2438709545015443
7447,2026-02-06 00:07:00+00:00,75.54145537971311,7541,2026-02-06 01:41:00+00:00,78.56311359490164,TP_HIT,0.03999999999999999,3.9999999999999987,39.999999999999986,94,78.5866011393012,67.85742026926611,4.031092258259383,-10.171944757779409
7446,2026-02-06 00:06:00+00:00,75.62929423293521,7542,2026-02-06 01:42:00+00:00,78.65446600225262,TP_HIT,0.04000000000000002,4.000000000000002,40.00000000000002,96,78.91378624037944,67.85742026926611,4.342883324189334,-10.276274613553886
7445,2026-02-06 00:05:00+00:00,76.02057346962745,7543,2026-02-06 01:43:00+00:00,79.06139640841255,TP_HIT,0.04,4.0,40.0,98,79.24260779318337,67.85742026926611,4.238371504581215,-10.738084215614036
7443,2026-02-06 00:03:00+00:00,76.6229209253066,7555,2026-02-06 01:55:00+00:00,79.68783776231886,TP_HIT,0.03999999999999998,3.9999999999999982,39.99999999999998,112,79.77167289487603,67.85742026926611,4.109412603363022,-11.43978923041221
7444,2026-02-06 00:04:00+00:00,76.42119660759818,7555,2026-02-06 01:55:00+00:00,79.47804447190211,TP_HIT,0.04000000000000008,4.000000000000008,40.00000000000008,111,79.77167289487603,67.85742026926611,4.384223796549054,-11.206022305964009
7439,2026-02-05 23:59:00+00:00,77.55417674475088,7559,2026-02-06 01:59:00+00:00,79.81108952324279,TIMEOUT,0.02910111193520811,2.910111193520811,29.10111193520811,120,80.01547635590146,67.85742026926611,3.17365190949199,-12.503203415335165
7442,2026-02-06 00:02:00+00:00,77.0275226437947,7562,2026-02-06 02:02:00+00:00,79.23913744558564,TIMEOUT,0.028712007421273472,2.871200742127347,28.712007421273473,120,80.01547635590146,67.85742026926611,3.8790728424750482,-11.904968587571888
7506,2026-02-06 01:06:00+00:00,77.1926883623583,7567,2026-02-06 02:07:00+00:00,78.0016444026595,ROLLING_STOP,0.01047969772090061,1.047969772090061,10.47969772090061,61,80.01547635590146,76.3260264013408,3.6568074689825716,-1.1227254541896639
7611,2026-02-06 02:51:00+00:00,76.40779779027115,7731,2026-02-06 04:51:00+00:00,77.61428898608962,TIMEOUT,0.015790157951288217,1.5790157951288217,15.790157951288217,120,77.91668663757201,75.73525663310045,1.9747838452857367,-0.8801996348811559
7612,2026-02-06 02:52:00+00:00,76.68787638162932,7732,2026-02-06 04:52:00+00:00,77.74838000698372,TIMEOUT,0.013828830258343743,1.3828830258343743,13.828830258343743,120,77.91668663757201,75.73525663310045,1.6023526976123872,-1.2422038443055334
7626,2026-02-06 03:06:00+00:00,76.65569144652268,7746,2026-02-06 05:06:00+00:00,78.59559010576403,TIMEOUT,0.02530664876455628,2.530664876455628,25.30664876455628,120,78.6621104614928,75.73525663310045,2.6174429805644097,-1.2007390397937456
7627,2026-02-06 03:07:00+00:00,76.37915448470862,7747,2026-02-06 05:07:00+00:00,78.95212081929864,TIMEOUT,0.0336867611581788,3.36867611581788,33.6867611581788,120,78.95212081929864,75.73525663310045,3.36867611581788,-0.843028252868502
7628,2026-02-06 03:08:00+00:00,76.340505343355,7748,2026-02-06 05:08:00+00:00,78.89035130396528,TIMEOUT,0.03340095731803037,3.3400957318030366,33.400957318030365,120,78.95212081929864,75.73525663310045,3.4210088919341466,-0.7928277492169369
7629,2026-02-06 03:09:00+00:00,76.2835035673995,7749,2026-02-06 05:09:00+00:00,79.04256565545236,TIMEOUT,0.03616852869919794,3.616852869919794,36.16852869919794,120,79.04256565545236,75.73525663310045,3.616852869919794,-0.7186965840060826
7630,2026-02-06 03:10:00+00:00,76.49664348842616,7750,2026-02-06 05:10:00+00:00,78.8471165771551,TIMEOUT,0.030726486569107706,3.0726486569107707,30.726486569107706,120,79.04256565545236,75.73525663310045,3.3281488584677574,-0.995320605721619
7631,2026-02-06 03:11:00+00:00,76.61120764961987,7751,2026-02-06 05:11:00+00:00,78.8006018750151,TIMEOUT,0.02857798868552487,2.857798868552487,28.577988685524872,120,79.04256565545236,75.73525663310045,3.173632266642069,-1.1433718947827722
7632,2026-02-06 03:12:00+00:00,76.67181058896125,7752,2026-02-06 05:12:00+00:00,78.61949923662804,TIMEOUT,0.025402930134366893,2.5402930134366892,25.402930134366894,120,79.04256565545236,75.73525663310045,3.0920817550543678,-1.2215101595574442
7633,2026-02-06 03:13:00+00:00,76.58842738284268,7753,2026-02-06 05:13:00+00:00,78.65928828944439,TIMEOUT,0.027038822670298394,2.7038822670298392,27.038822670298394,120,79.04256565545236,75.73525663310045,3.2043199690498647,-1.1139682310977446
7732,2026-02-06 04:52:00+00:00,77.74838000698372,7788,2026-02-06 05:48:00+00:00,80.85831520726308,TP_HIT,0.04000000000000004,4.000000000000004,40.00000000000004,56,81.21378912334052,77.56881907288414,4.457210704641713,-0.23095135111941217
7733,2026-02-06 04:53:00+00:00,77.7175344183688,7788,2026-02-06 05:48:00+00:00,80.82623579510356,TP_HIT,0.04000000000000006,4.000000000000006,40.000000000000064,55,81.21378912334052,77.56881907288414,4.49866909846971,-0.1913536586017984
7747,2026-02-06 05:07:00+00:00,78.95212081929864,7833,2026-02-06 06:33:00+00:00,79.81310806824128,ROLLING_STOP,0.01090518202687951,1.090518202687951,10.90518202687951,86,81.4976703355707,78.5254291010719,3.2241686351886325,-0.5404436433105301
7748,2026-02-06 05:08:00+00:00,78.89035130396528,7833,2026-02-06 06:33:00+00:00,79.81310806824128,ROLLING_STOP,0.01169669990086128,1.169669990086128,11.69669990086128,85,81.4976703355707,78.5254291010719,3.3049910267979454,-0.46256886534493086
7749,2026-02-06 05:09:00+00:00,79.04256565545236,7833,2026-02-06 06:33:00+00:00,79.81310806824128,ROLLING_STOP,0.009748448907234593,0.9748448907234593,9.748448907234593,84,81.4976703355707,78.5254291010719,3.106053883448286,-0.6542507193335254
7750,2026-02-06 05:10:00+00:00,78.8471165771551,7833,2026-02-06 06:33:00+00:00,79.81310806824128,ROLLING_STOP,0.012251449805915346,1.2251449805915346,12.251449805915346,83,81.4976703355707,78.5254291010719,3.361636891086465,-0.40798889046047543
7751,2026-02-06 05:11:00+00:00,78.8006018750151,7833,2026-02-06 06:33:00+00:00,79.81310806824128,ROLLING_STOP,0.012848965225317689,1.2848965225317688,12.848965225317688,82,81.4976703355707,78.5254291010719,3.4226495691408476,-0.3492013606439964
7752,2026-02-06 05:12:00+00:00,78.61949923662804,7833,2026-02-06 06:33:00+00:00,79.81310806824128,ROLLING_STOP,0.015182096594392224,1.5182096594392225,15.182096594392224,81,81.4976703355707,78.5254291010719,3.660887091483467,-0.11965242270625552
7753,2026-02-06 05:13:00+00:00,78.65928828944439,7833,2026-02-06 06:33:00+00:00,79.81310806824128,ROLLING_STOP,0.014668576386696377,1.4668576386696377,14.668576386696378,80,81.4976703355707,78.5254291010719,3.608451217714878,-0.17017594652005064
7754,2026-02-06 05:14:00+00:00,78.83484361849494,7833,2026-02-06 06:33:00+00:00,79.81310806824128,ROLLING_STOP,0.012409036472253866,1.2409036472253867,12.409036472253867,79,81.4976703355707,78.5254291010719,3.377728165431473,-0.39248446907613416
7815,2026-02-06 06:15:00+00:00,80.50328946294918,7863,2026-02-06 07:03:00+00:00,78.79540244338375,ROLLING_STOP,-0.021215120909456386,-2.1215120909456386,-21.215120909456385,48,80.63154062581191,78.79540244338375,0.15931170479903314,-2.1215120909456386
7933,2026-02-06 08:13:00+00:00,79.09250899885477,8053,2026-02-06 10:13:00+00:00,81.38270915076801,TIMEOUT,0.028955967902679645,2.8955967902679647,28.955967902679646,120,81.49417976931029,78.71433581630711,3.036533801817186,-0.47814032875494106
7934,2026-02-06 08:14:00+00:00,79.22753511061475,8054,2026-02-06 10:14:00+00:00,81.64730045412223,TIMEOUT,0.030541974329115318,3.054197432911532,30.54197432911532,120,81.64730045412223,78.71433581630711,3.054197432911532,-0.6477537053135991
7938,2026-02-06 08:18:00+00:00,79.659214694108,8058,2026-02-06 10:18:00+00:00,81.30582860078408,TIMEOUT,0.0206707273351751,2.06707273351751,20.670727335175098,120,81.83029282324362,78.71433581630711,2.7254576102370325,-1.1861513842801878
7939,2026-02-06 08:19:00+00:00,79.35035804759748,8059,2026-02-06 10:19:00+00:00,81.2990476913345,TIMEOUT,0.024558044748432147,2.4558044748432146,24.55804474843215,120,81.83029282324362,78.71433581630711,3.1252975243773697,-0.8015366873440665
7942,2026-02-06 08:22:00+00:00,79.28993547805563,8062,2026-02-06 10:22:00+00:00,81.47903782863635,TIMEOUT,0.0276088300158421,2.76088300158421,27.6088300158421,120,81.83029282324362,78.71433581630711,3.2038837336310757,-0.7259429059666924
7943,2026-02-06 08:23:00+00:00,79.49834232308419,8063,2026-02-06 10:23:00+00:00,81.48465464452009,TIMEOUT,0.024985581628399964,2.498558162839996,24.985581628399963,120,81.83029282324362,78.71433581630711,2.9333322331204137,-0.9861922700109191
7944,2026-02-06 08:24:00+00:00,79.11511830935261,8064,2026-02-06 10:24:00+00:00,81.4108802906615,TIMEOUT,0.029017993404649833,2.9017993404649833,29.017993404649832,120,81.83029282324362,78.71433581630711,3.4319287791168476,-0.5065814241449712
7945,2026-02-06 08:25:00+00:00,79.04366691049172,8065,2026-02-06 10:25:00+00:00,81.47384033599275,TIMEOUT,0.03074469493239641,3.074469493239641,30.74469493239641,120,81.83029282324362,78.71433581630711,3.5254259090832027,-0.4166445043061343
7946,2026-02-06 08:26:00+00:00,78.90474333102165,8066,2026-02-06 10:26:00+00:00,81.48605721479963,TIMEOUT,0.03271430556397398,3.271430556397398,32.71430556397398,120,81.83029282324362,78.71433581630711,3.7076978755873937,-0.24131314123377548
7947,2026-02-06 08:27:00+00:00,79.09569008658139,8067,2026-02-06 10:27:00+00:00,81.57531763962298,TIMEOUT,0.03134971766890577,3.134971766890577,31.34971766890577,120,81.83029282324362,78.71433581630711,3.4573346963264764,-0.482142920627946
8054,2026-02-06 10:14:00+00:00,81.64730045412223,8096,2026-02-07 08:38:00+00:00,84.91319247228712,TP_HIT,0.04000000000000002,4.000000000000002,40.00000000000002,42,85.02955573075901,80.46489707716133,4.14251941928843,-1.4481842882549443
8056,2026-02-06 10:16:00+00:00,81.43950501873549,8096,2026-02-07 08:38:00+00:00,84.6970852194849,TP_HIT,0.03999999999999996,3.999999999999996,39.99999999999996,40,85.02955573075901,80.46489707716133,4.40824230353269,-1.1967262587732463
8059,2026-02-06 10:19:00+00:00,81.2990476913345,8096,2026-02-07 08:38:00+00:00,84.55100959898787,TP_HIT,0.04000000000000002,4.000000000000002,40.00000000000002,37,85.02955573075901,80.46489707716133,4.588624523116215,-1.0260275339757503
8060,2026-02-06 10:20:00+00:00,81.3547458351878,8096,2026-02-07 08:38:00+00:00,84.60893566859531,TP_HIT,0.03999999999999996,3.999999999999996,39.99999999999996,36,85.02955573075901,80.46489707716133,4.517019699152911,-1.0937883818470417
8063,2026-02-06 10:23:00+00:00,81.48465464452009,8096,2026-02-07 08:38:00+00:00,84.7440408303009,TP_HIT,0.040000000000000105,4.000000000000011,40.00000000000011,33,85.02955573075901,80.46489707716133,4.350391005157583,-1.2514719143223931
8064,2026-02-06 10:24:00+00:00,81.4108802906615,8096,2026-02-07 08:38:00+00:00,84.66731550228796,TP_HIT,0.04000000000000009,4.000000000000009,40.00000000000009,32,85.02955573075901,80.46489707716133,4.44495309125482,-1.1619862236137528
8065,2026-02-06 10:25:00+00:00,81.47384033599275,8096,2026-02-07 08:38:00+00:00,84.73279394943246,TP_HIT,0.04000000000000006,4.000000000000006,40.000000000000064,31,85.02955573075901,80.46489707716133,4.364241798475107,-1.238364675913897
8066,2026-02-06 10:26:00+00:00,81.48605721479963,8096,2026-02-07 08:38:00+00:00,84.74549950339161,TP_HIT,0.03999999999999999,3.9999999999999987,39.999999999999986,30,85.02955573075901,80.46489707716133,4.348594884912175,-1.253171613085287
8067,2026-02-06 10:27:00+00:00,81.57531763962298,8096,2026-02-07 08:38:00+00:00,84.83833034520791,TP_HIT,0.0400000000000001,4.00000000000001,40.0000000000001,29,85.02955573075901,80.46489707716133,4.234415741285734,-1.3612212548986742
8068,2026-02-06 10:28:00+00:00,81.64687346377022,8096,2026-02-07 08:38:00+00:00,84.91274840232103,TP_HIT,0.04,4.0,40.0,28,85.02955573075901,80.46489707716133,4.143064055587894,-1.4476688897749184
10450,2026-02-08 23:52:00+00:00,86.97834826540615,10555,2026-02-09 01:37:00+00:00,86.03094394618716,ROLLING_STOP,-0.0108924156196675,-1.08924156196675,-10.892415619667501,105,87.81672397955835,86.03094394618716,0.9638901299826582,-1.08924156196675
10913,2026-02-09 07:35:00+00:00,84.1700901592719,10947,2026-02-09 08:09:00+00:00,84.1053494321757,ROLLING_STOP,-0.0007691654716501676,-0.07691654716501677,-0.7691654716501677,34,86.28598796537472,83.71280834487197,2.5138357367789297,-0.5432830278958034
10914,2026-02-09 07:36:00+00:00,84.16730725721793,10947,2026-02-09 08:09:00+00:00,84.1053494321757,ROLLING_STOP,-0.0007361269721138025,-0.07361269721138025,-0.7361269721138025,33,86.28598796537472,83.71280834487197,2.5172252471877625,-0.539994597851386
10915,2026-02-09 07:37:00+00:00,84.10524066978304,10947,2026-02-09 08:09:00+00:00,84.1053494321757,ROLLING_STOP,1.2931702209091242e-06,0.00012931702209091243,0.0012931702209091243,32,86.28598796537472,83.71280834487197,2.5928792049401523,-0.46659675638032067
10916,2026-02-09 07:38:00+00:00,83.74369217085936,10947,2026-02-09 08:09:00+00:00,84.1053494321757,ROLLING_STOP,0.004318620924647813,0.4318620924647813,4.318620924647813,31,86.28598796537472,83.71280834487197,3.0358057169588317,-0.036878987762298365
10919,2026-02-09 07:41:00+00:00,83.71280834487197,10947,2026-02-09 08:09:00+00:00,84.1053494321757,ROLLING_STOP,0.0046891401096780016,0.46891401096780017,4.689140109678002,28,86.28598796537472,83.71280834487197,3.0738182977950093,0.0
10947,2026-02-09 08:09:00+00:00,84.1053494321757,10983,2026-02-09 08:45:00+00:00,84.5172126780311,ROLLING_STOP,0.004896992267864429,0.4896992267864429,4.896992267864428,36,86.6759800418295,84.008710484543,3.056441269204659,-0.11490226042117539
10950,2026-02-09 08:12:00+00:00,84.9222189680314,10983,2026-02-09 08:45:00+00:00,84.5172126780311,ROLLING_STOP,-0.004769143987544228,-0.47691439875442276,-4.769143987544227,33,86.6759800418295,84.008710484543,2.0651380700006183,-1.075700204951411
10951,2026-02-09 08:13:00+00:00,84.89232350242744,10983,2026-02-09 08:45:00+00:00,84.5172126780311,ROLLING_STOP,-0.004418666010309145,-0.4418666010309145,-4.418666010309145,32,86.6759800418295,84.008710484543,2.1010810704822527,-1.0408632741206294
10952,2026-02-09 08:14:00+00:00,84.96257439158725,10983,2026-02-09 08:45:00+00:00,84.5172126780311,ROLLING_STOP,-0.005241857567821666,-0.5241857567821666,-5.241857567821667,31,86.6759800418295,84.008710484543,2.01665929088409,-1.1226871524018935
10953,2026-02-09 08:15:00+00:00,84.93685729461801,10983,2026-02-09 08:45:00+00:00,84.5172126780311,ROLLING_STOP,-0.004940665689234281,-0.4940665689234281,-4.940665689234281,30,86.6759800418295,84.008710484543,2.0475477932731274,-1.0927491781990124
10954,2026-02-09 08:16:00+00:00,84.86872771364797,10983,2026-02-09 08:45:00+00:00,84.5172126780311,ROLLING_STOP,-0.00414186762411359,-0.41418676241135904,-4.1418676241135906,29,86.6759800418295,84.008710484543,2.1294679169449884,-1.0133499726857187
10955,2026-02-09 08:17:00+00:00,84.95561342407828,10983,2026-02-09 08:45:00+00:00,84.5172126780311,ROLLING_STOP,-0.005160350545158054,-0.5160350545158054,-5.160350545158054,28,86.6759800418295,84.008710484543,2.0250181811572148,-1.114585489258447
10956,2026-02-09 08:18:00+00:00,84.97260475243735,10983,2026-02-09 08:45:00+00:00,84.5172126780311,ROLLING_STOP,-0.005359281096925367,-0.5359281096925367,-5.359281096925367,27,86.6759800418295,84.008710484543,2.0046170108058226,-1.1343588568369716
10957,2026-02-09 08:19:00+00:00,84.92235145373083,10983,2026-02-09 08:45:00+00:00,84.5172126780311,ROLLING_STOP,-0.004770696627736009,-0.47706966277360086,-4.770696627736009,26,86.6759800418295,84.008710484543,2.0649788401751064,-1.0758545348165651
10958,2026-02-09 08:20:00+00:00,84.87682711538365,10983,2026-02-09 08:45:00+00:00,84.5172126780311,ROLLING_STOP,-0.00423689774434757,-0.42368977443475697,-4.236897744347569,25,86.6759800418295,84.008710484543,2.1197221757595197,-1.0227958093444127
10989,2026-02-09 08:51:00+00:00,84.65205672574095,10994,2026-02-09 08:56:00+00:00,84.66643610827096,ROLLING_STOP,0.00016986453827809824,0.016986453827809823,0.16986453827809825,5,87.71667825082336,84.65205672574095,3.6202564280408414,0.0
10994,2026-02-09 08:56:00+00:00,84.66643610827096,11003,2026-02-09 09:05:00+00:00,84.64968292990525,ROLLING_STOP,-0.0001978727242549826,-0.01978727242549826,-0.1978727242549826,9,87.68563852703109,84.64195880232819,3.565996819447073,-0.02891028259588695
11309,2026-02-09 14:11:00+00:00,83.7793615405973,11429,2026-02-09 16:11:00+00:00,84.99081032127691,TIMEOUT,0.01445999060392196,1.445999060392196,14.45999060392196,120,85.68294225837067,83.63403672967374,2.272135622388283,-0.17346134925262463
11315,2026-02-09 14:17:00+00:00,83.7837436312505,11435,2026-02-09 16:17:00+00:00,86.39299214743995,TIMEOUT,0.031142658505130694,3.1142658505130694,31.142658505130694,120,86.39299214743995,83.63403672967374,3.1142658505130694,-0.17868251654599546
11319,2026-02-09 14:21:00+00:00,83.95866747063177,11439,2026-02-09 16:21:00+00:00,86.58561605559701,TIMEOUT,0.03128859311498886,3.128859311498886,31.288593114988863,120,86.65036152442649,83.63403672967374,3.2059751957548137,-0.38665542312422013
11320,2026-02-09 14:22:00+00:00,84.00049286537579,11440,2026-02-09 16:22:00+00:00,86.7291530651885,TIMEOUT,0.03248385940051354,3.2483859400513544,32.483859400513545,120,86.7291530651885,83.63403672967374,3.2483859400513544,-0.4362547447065057
11347,2026-02-09 14:49:00+00:00,84.95164117963596,11467,2026-02-09 16:49:00+00:00,87.50549636977715,TIMEOUT,0.030062458531447244,3.0062458531447245,30.062458531447245,120,87.50549636977715,84.30951124444238,3.0062458531447245,-0.7558770216525342
11348,2026-02-09 14:50:00+00:00,84.82614226431166,11468,2026-02-09 16:50:00+00:00,87.57544035533243,TIMEOUT,0.032410976352716565,3.2410976352716565,32.41097635271657,120,87.57544035533243,84.30951124444238,3.2410976352716565,-0.6090469353887364
11350,2026-02-09 14:52:00+00:00,84.8199234866445,11470,2026-02-09 16:52:00+00:00,87.7466738877053,TIMEOUT,0.034505459103858285,3.4505459103858285,34.505459103858286,120,87.7466738877053,84.30951124444238,3.4505459103858285,-0.601759847475564
11351,2026-02-09 14:53:00+00:00,84.86239293382707,11471,2026-02-09 16:53:00+00:00,87.68657092120462,TIMEOUT,0.033279499784784,3.3279499784784,33.279499784784,120,87.7466738877053,84.30951124444238,3.3987740083258084,-0.6515037701279647
11352,2026-02-09 14:54:00+00:00,84.93250565570428,11472,2026-02-09 16:54:00+00:00,87.81363174888988,TIMEOUT,0.0339225373246962,3.3922537324696203,33.9225373246962,120,87.81363174888988,84.30951124444238,3.3922537324696203,-0.7335170515130771
11353,2026-02-09 14:55:00+00:00,85.032624639886,11473,2026-02-09 16:55:00+00:00,87.81177410343138,TIMEOUT,0.03268333154850983,3.268333154850983,32.683331548509834,120,87.81363174888988,84.30951124444238,3.2705177815943856,-0.850395243597397
12390,2026-02-10 08:12:00+00:00,84.15818546916222,12510,2026-02-10 10:12:00+00:00,84.40725838474597,TIMEOUT,0.002959580392510003,0.2959580392510003,2.959580392510003,120,84.95619662186475,84.15818546916222,0.9482276123870814,0.0
17033,2026-02-13 13:35:00+00:00,80.2195436295788,17141,2026-02-13 15:23:00+00:00,83.42832537476195,TP_HIT,0.0400000000000001,4.00000000000001,40.0000000000001,108,83.48174560006636,79.83290078571882,4.066592532053146,-0.4819808569908267
17034,2026-02-13 13:36:00+00:00,80.18696727531511,17141,2026-02-13 15:23:00+00:00,83.39444596632772,TP_HIT,0.04000000000000008,4.000000000000008,40.00000000000008,107,83.48174560006636,79.83290078571882,4.108870102842159,-0.44155116676334055
17025,2026-02-13 13:27:00+00:00,80.2793218840068,17142,2026-02-13 15:24:00+00:00,83.49049475936708,TP_HIT,0.04000000000000005,4.000000000000005,40.00000000000005,117,83.54400270979231,79.83290078571882,4.066652220234925,-0.5560847897208266
17032,2026-02-13 13:34:00+00:00,80.29085648910811,17142,2026-02-13 15:24:00+00:00,83.50249074867243,TP_HIT,0.03999999999999995,3.999999999999995,39.99999999999995,110,83.54400270979231,79.83290078571882,4.051701978201599,-0.5703709281659144
17027,2026-02-13 13:29:00+00:00,80.3965477437835,17143,2026-02-13 15:25:00+00:00,83.61240965353484,TP_HIT,0.039999999999999994,3.9999999999999996,39.99999999999999,116,83.74356975256015,79.83290078571882,4.163141456575105,-0.7010835339111476
17028,2026-02-13 13:30:00+00:00,80.41226375012822,17143,2026-02-13 15:25:00+00:00,83.62875430013335,TP_HIT,0.040000000000000056,4.000000000000005,40.00000000000006,115,83.74356975256015,79.83290078571882,4.1427835097188375,-0.7204908025095544
17031,2026-02-13 13:33:00+00:00,80.5109204386307,17143,2026-02-13 15:25:00+00:00,83.73135725617594,TP_HIT,0.04000000000000008,4.000000000000008,40.00000000000008,112,83.74356975256015,79.83290078571882,4.015168745205842,-0.8421461948490635
17029,2026-02-13 13:31:00+00:00,80.52270182883059,17144,2026-02-13 15:26:00+00:00,83.74360990198382,TP_HIT,0.04000000000000002,4.000000000000002,40.00000000000002,115,83.76776934846315,79.83290078571882,4.030003273524886,-0.8566541204468039
17030,2026-02-13 13:32:00+00:00,80.67673538540373,17145,2026-02-13 15:27:00+00:00,83.90380480081988,TP_HIT,0.04000000000000005,4.000000000000005,40.00000000000005,115,83.96566452887953,79.83290078571882,4.076676042683354,-1.0459453963448053
17026,2026-02-13 13:28:00+00:00,80.81818627581096,17146,2026-02-13 15:28:00+00:00,84.0509137268434,TP_HIT,0.04000000000000009,4.000000000000009,40.00000000000009,120,84.10851772288906,79.83290078571882,4.07127603167074,-1.219138334445692
25943,2026-02-19 18:05:00+00:00,81.59878651451434,26063,2026-02-19 20:05:00+00:00,82.0349939698052,TIMEOUT,0.005345759096714815,0.5345759096714815,5.345759096714815,120,82.18825414705923,81.1415852368153,0.7223975474684664,-0.56030401581734
27101,2026-02-20 13:23:00+00:00,82.8086458464948,27221,2026-02-20 15:23:00+00:00,84.11695259475748,TIMEOUT,0.015799156415236312,1.5799156415236313,15.799156415236313,120,84.18864503760872,81.77467679523048,1.666491677296687,-1.2486245134125549
32007,2026-02-23 23:09:00+00:00,75.92419791396203,32127,2026-02-24 01:09:00+00:00,77.91324529139433,TIMEOUT,0.0261978056019282,2.61978056019282,26.1978056019282,120,78.35805007416707,75.92419791396203,3.205634339348698,0.0
33463,2026-02-24 23:25:00+00:00,79.21168048059597,33578,2026-02-25 01:20:00+00:00,82.38014769981982,TP_HIT,0.04000000000000004,4.000000000000004,40.00000000000004,115,82.40155010779552,78.76606589723448,4.027019257571421,-0.5625617089018196
33464,2026-02-24 23:26:00+00:00,79.217284278334,33578,2026-02-25 01:20:00+00:00,82.38597564946737,TP_HIT,0.040000000000000036,4.0000000000000036,40.000000000000036,114,82.40155010779552,78.76606589723448,4.019660429501001,-0.5695958719237881
33468,2026-02-24 23:30:00+00:00,79.11239967720459,33578,2026-02-25 01:20:00+00:00,82.27689566429278,TP_HIT,0.04000000000000005,4.000000000000005,40.00000000000005,110,82.40155010779552,78.76606589723448,4.157566252586642,-0.4377743329531462
33461,2026-02-24 23:23:00+00:00,79.26010309192587,33581,2026-02-25 01:23:00+00:00,82.0541704252222,TIMEOUT,0.035251876092764686,3.5251876092764687,35.25187609276469,120,82.40155010779552,78.76606589723448,3.963465720232781,-0.623311319843229
33462,2026-02-24 23:24:00+00:00,79.24465021584317,33582,2026-02-25 01:24:00+00:00,82.10622931947503,TIMEOUT,0.03611069133168766,3.611069133168766,36.110691331687654,120,82.40155010779552,78.76606589723448,3.9837388181457314,-0.6039326532518408
33465,2026-02-24 23:27:00+00:00,79.27451544098967,33585,2026-02-25 01:27:00+00:00,82.18079891866148,TIMEOUT,0.03666100589205347,3.666100589205347,36.66100589205347,120,82.4200967268735,78.76606589723448,3.9679602812903068,-0.6413783054072026
33466,2026-02-24 23:28:00+00:00,79.37426499404965,33586,2026-02-25 01:28:00+00:00,81.97365240419569,TIMEOUT,0.03274849109268478,3.274849109268478,32.74849109268478,120,82.4200967268735,78.76606589723448,3.8373038579345273,-0.76624217794113
33467,2026-02-24 23:29:00+00:00,79.5620367103383,33587,2026-02-25 01:29:00+00:00,82.05126511458377,TIMEOUT,0.03128663502303248,3.128663502303248,31.286635023032478,120,82.4200967268735,78.76606589723448,3.5922408911432684,-1.0004404688654642
33469,2026-02-24 23:31:00+00:00,79.47800749860843,33589,2026-02-25 01:31:00+00:00,82.13837705655075,TIMEOUT,0.033473027843443325,3.3473027843443326,33.473027843443326,120,82.4200967268735,78.76606589723448,3.701765206326509,-0.8957718289382334
33470,2026-02-24 23:32:00+00:00,79.41713034219903,33590,2026-02-25 01:32:00+00:00,81.98019072761659,TIMEOUT,0.03227339459854106,3.227339459854106,32.27339459854106,120,82.4200967268735,78.76606589723448,3.7812577358751676,-0.8198035388072915
34337,2026-02-25 13:59:00+00:00,83.83601828563332,34457,2026-02-25 15:59:00+00:00,86.29212681836071,TIMEOUT,0.029296578999724432,2.929657899972443,29.29657899972443,120,86.42268667738709,83.83601828563332,3.085390318682446,0.0
34338,2026-02-25 14:00:00+00:00,83.98569668825893,34458,2026-02-25 16:00:00+00:00,86.27377310080408,TIMEOUT,0.027243643891389207,2.7243643891389207,27.24364389138921,120,86.42268667738709,83.94080766912157,2.9016726481103925,-0.053448409559521216
34339,2026-02-25 14:01:00+00:00,83.94080766912157,34459,2026-02-25 16:01:00+00:00,86.32760437788251,TIMEOUT,0.028434283336529607,2.8434283336529607,28.434283336529607,120,86.42268667738709,83.94080766912157,2.9567013675262808,0.0
34340,2026-02-25 14:02:00+00:00,83.98524136216177,34460,2026-02-25 16:02:00+00:00,86.27454061799426,TIMEOUT,0.0272583518092251,2.72583518092251,27.2583518092251,120,86.42268667738709,83.98524136216177,2.902230529664788,0.0
34341,2026-02-25 14:03:00+00:00,84.0039888189163,34461,2026-02-25 16:03:00+00:00,86.31111306695381,TIMEOUT,0.027464460681871628,2.7464460681871627,27.46446068187163,120,86.42268667738709,84.0039888189163,2.879265487838528,0.0
34342,2026-02-25 14:04:00+00:00,84.07621749105908,34462,2026-02-25 16:04:00+00:00,86.31626486201976,TIMEOUT,0.026643056000930285,2.6643056000930287,26.643056000930287,120,86.42268667738709,84.07320743196792,2.7908833869429706,-0.0035801552222390932
34343,2026-02-25 14:05:00+00:00,84.08318383148361,34463,2026-02-25 16:05:00+00:00,86.8396166982328,TIMEOUT,0.03278221329336831,3.2782213293368314,32.782213293368315,120,86.8396166982328,84.07320743196792,3.2782213293368314,-0.011864916456645756
34344,2026-02-25 14:06:00+00:00,84.20148839193885,34464,2026-02-25 16:06:00+00:00,86.8174563561642,TIMEOUT,0.03106795395407513,3.106795395407513,31.06795395407513,120,86.8396166982328,84.07320743196792,3.1331136262271997,-0.15234999098094074
34345,2026-02-25 14:07:00+00:00,84.27118047530693,34465,2026-02-25 16:07:00+00:00,86.72151127116352,TIMEOUT,0.029076735154725652,2.907673515472565,29.07673515472565,120,86.8396166982328,84.07320743196792,3.047822765077403,-0.23492378084940752
34346,2026-02-25 14:08:00+00:00,84.2872600305362,34466,2026-02-25 16:08:00+00:00,86.87614840042123,TIMEOUT,0.030715061433330554,3.0715061433330555,30.715061433330554,120,86.87614840042123,84.07320743196792,3.0715061433330555,-0.25395605277801003
34458,2026-02-25 16:00:00+00:00,86.27377310080408,34578,2026-02-25 18:00:00+00:00,88.08649148235548,TIMEOUT,0.02101123338414083,2.1011233384140833,21.01123338414083,120,88.91492435777455,86.27377310080408,3.06136055262646,0.0
34459,2026-02-25 16:01:00+00:00,86.32760437788251,34579,2026-02-25 18:01:00+00:00,88.16591811491584,TIMEOUT,0.021294622389687386,2.1294622389687388,21.294622389687387,120,88.91492435777455,86.27454061799426,2.9970946124793962,-0.061467893463103634
34460,2026-02-25 16:02:00+00:00,86.27454061799426,34580,2026-02-25 18:02:00+00:00,88.21617794632105,TIMEOUT,0.022505333722076346,2.2505333722076344,22.505333722076344,120,88.91492435777455,86.27454061799426,3.0604436962131865,0.0
34461,2026-02-25 16:03:00+00:00,86.31111306695381,34581,2026-02-25 18:03:00+00:00,88.23293211376078,TIMEOUT,0.022266183096447473,2.2266183096447474,22.266183096447474,120,88.91492435777455,86.31111306695381,3.016774084237448,0.0
34462,2026-02-25 16:04:00+00:00,86.31626486201976,34582,2026-02-25 18:04:00+00:00,88.23423111472584,TIMEOUT,0.02222021835365595,2.222021835365595,22.22021835365595,120,88.91492435777455,86.31626486201976,3.010625517576387,0.0
38414,2026-02-28 09:56:00+00:00,78.3201186364286,38534,2026-02-28 11:56:00+00:00,80.9729335417601,TIMEOUT,0.03387143624802436,3.3871436248024365,33.87143624802436,120,80.97296448151545,78.3201186364286,3.3871831290267487,0.0
38415,2026-02-28 09:57:00+00:00,78.35942966761668,38535,2026-02-28 11:57:00+00:00,80.91736224958323,TIMEOUT,0.03264358345660167,3.264358345660167,32.64358345660167,120,80.97296448151545,78.33494840696444,3.335316279080643,-0.031242264978294763
38416,2026-02-28 09:58:00+00:00,78.35748605150641,38536,2026-02-28 11:58:00+00:00,80.89940508232463,TIMEOUT,0.03244002786341756,3.244002786341756,32.44002786341756,120,80.97296448151545,78.33494840696444,3.337879457094645,-0.02876259267321982
38417,2026-02-28 09:59:00+00:00,78.34888597881137,38537,2026-02-28 11:59:00+00:00,80.75953425450291,TIMEOUT,0.030768124467570313,3.0768124467570312,30.768124467570313,120,80.97296448151545,78.33494840696444,3.3492224808579087,-0.01778911298201888
38418,2026-02-28 10:00:00+00:00,78.33494840696444,38538,2026-02-28 12:00:00+00:00,80.77684005906208,TIMEOUT,0.03117244220818992,3.117244220818992,31.172442208189917,120,80.97296448151545,78.33494840696444,3.367610661905368,0.0
38419,2026-02-28 10:01:00+00:00,78.3811974365159,38539,2026-02-28 12:01:00+00:00,80.81095631475263,TIMEOUT,0.030999256935372612,3.099925693537261,30.99925693537261,120,80.97296448151545,78.3811974365159,3.3066183341977124,0.0
38420,2026-02-28 10:02:00+00:00,78.42196098258007,38540,2026-02-28 12:02:00+00:00,80.85480904705437,TIMEOUT,0.031022535447879324,3.1022535447879322,31.022535447879324,120,80.97296448151545,78.42196098258007,3.2529198032959528,0.0
38421,2026-02-28 10:03:00+00:00,78.47416454521483,38541,2026-02-28 12:03:00+00:00,80.88435300149911,TIMEOUT,0.030713145788198667,3.071314578819867,30.713145788198666,120,80.97296448151545,78.43478732952975,3.1842326079952956,-0.05017857267201682
38422,2026-02-28 10:04:00+00:00,78.52101360594834,38542,2026-02-28 12:04:00+00:00,80.92004238305724,TIMEOUT,0.03055269751290065,3.055269751290065,30.55269751290065,120,80.97296448151545,78.43478732952975,3.1226683953317687,-0.10981299458423402
38423,2026-02-28 10:05:00+00:00,78.47983413854824,38543,2026-02-28 12:05:00+00:00,80.92205502370248,TIMEOUT,0.031119088259574393,3.1119088259574395,31.119088259574394,120,80.97296448151545,78.43478732952975,3.176778302774997,-0.05739921536908629
38574,2026-02-28 12:36:00+00:00,79.03834857558,38694,2026-02-28 14:36:00+00:00,81.05335715109044,TIMEOUT,0.02549406220935391,2.549406220935391,25.49406220935391,120,81.49055557415284,78.68044780110104,3.102553434840461,-0.45281914529973105
38575,2026-02-28 12:37:00+00:00,79.0914745832683,38695,2026-02-28 14:37:00+00:00,81.21258933178464,TIMEOUT,0.026818500472932987,2.6818500472932985,26.818500472932985,120,81.49055557415284,78.68044780110104,3.033299105276847,-0.5196853192242887
38576,2026-02-28 12:38:00+00:00,79.03180114253453,38696,2026-02-28 14:38:00+00:00,81.20775624393949,TIMEOUT,0.027532652298795496,2.7532652298795495,27.532652298795497,120,81.49055557415284,78.68044780110104,3.1110950226022536,-0.4445721043353493
38577,2026-02-28 12:39:00+00:00,79.0263093303779,38697,2026-02-28 14:39:00+00:00,81.2163047229247,TIMEOUT,0.027712231674533815,2.7712231674533814,27.712231674533815,120,81.49055557415284,78.68044780110104,3.1182605699994084,-0.43765365257151123
38578,2026-02-28 12:40:00+00:00,79.026305413524,38698,2026-02-28 14:40:00+00:00,81.101178083663,TIMEOUT,0.026255468470678653,2.625546847067865,26.255468470678654,120,81.49055557415284,78.68044780110104,3.118265680945173,-0.4376487178708133
38579,2026-02-28 12:41:00+00:00,79.026360929784,38699,2026-02-28 14:41:00+00:00,81.18427048677617,TIMEOUT,0.027306199242927282,2.730619924292728,27.30619924292728,120,81.49055557415284,78.68044780110104,3.1181932400484715,-0.4377186607267852
38580,2026-02-28 12:42:00+00:00,79.01109690891232,38700,2026-02-28 14:42:00+00:00,81.1846529341792,TIMEOUT,0.02750950322551088,2.7509503225510876,27.50950322551088,120,81.49055557415284,78.68044780110104,3.138114470298963,-0.41848439111340335
38581,2026-02-28 12:43:00+00:00,79.01953512051506,38701,2026-02-28 14:43:00+00:00,81.14355007574703,TIMEOUT,0.0268796184638719,2.68796184638719,26.8796184638719,120,81.49055557415284,78.68044780110104,3.1271007224595158,-0.4291183425679075
38582,2026-02-28 12:44:00+00:00,79.0280277758899,38702,2026-02-28 14:44:00+00:00,81.2522651219205,TIMEOUT,0.028144917804834583,2.814491780483458,28.144917804834584,120,81.49055557415284,78.68044780110104,3.1160182881524663,-0.4398186119164396
38583,2026-02-28 12:45:00+00:00,78.91856793929102,38703,2026-02-28 14:45:00+00:00,81.19619274639126,TIMEOUT,0.028860442688878066,2.8860442688878067,28.860442688878067,120,81.49055557415284,78.68044780110104,3.2590399218094563,-0.30172891425647863
38964,2026-02-28 19:06:00+00:00,82.02264818164687,39084,2026-02-28 21:06:00+00:00,83.87392644250751,TIMEOUT,0.02257033029171173,2.257033029171173,22.57033029171173,120,84.99411359601397,81.49937074764995,3.6227377196923864,-0.637967007402732
38965,2026-02-28 19:07:00+00:00,82.03613144174352,39085,2026-02-28 21:07:00+00:00,83.67309671919978,TIMEOUT,0.01995419882297493,1.9954198822974931,19.95419882297493,120,84.99411359601397,81.49937074764995,3.605706537211608,-0.6542979107623376
38966,2026-02-28 19:08:00+00:00,81.83952227512496,39086,2026-02-28 21:08:00+00:00,83.7280375015531,TIMEOUT,0.023075833948289704,2.3075833948289706,23.075833948289706,120,84.99411359601397,81.49937074764995,3.8546062259308256,-0.41563234732908994
38967,2026-02-28 19:09:00+00:00,81.78167226611117,39087,2026-02-28 21:09:00+00:00,83.75243716025496,TIMEOUT,0.024097879629204313,2.409787962920431,24.097879629204314,120,84.99411359601397,81.49937074764995,3.928069995254889,-0.34518922227786863
38968,2026-02-28 19:10:00+00:00,81.81115897892022,39088,2026-02-28 21:10:00+00:00,83.75199065088971,TIMEOUT,0.023723312274179776,2.3723312274179778,23.723312274179776,120,84.99411359601397,81.49937074764995,3.890611814842873,-0.3811072171103297
38969,2026-02-28 19:11:00+00:00,81.87956100442021,39089,2026-02-28 21:11:00+00:00,83.79253888503362,TIMEOUT,0.02336331383738294,2.336331383738294,23.36331383738294,120,84.99411359601397,81.49937074764995,3.803821800443736,-0.4643286457651359
38970,2026-02-28 19:12:00+00:00,81.93349628667471,39090,2026-02-28 21:12:00+00:00,84.09633828300537,TIMEOUT,0.026397530855550837,2.6397530855550837,26.397530855550837,120,84.99411359601397,81.49937074764995,3.73548969353213,-0.5298511093751124
38971,2026-02-28 19:13:00+00:00,81.85492425544471,39091,2026-02-28 21:13:00+00:00,84.12715942673267,TIMEOUT,0.027759297219517233,2.7759297219517234,27.759297219517233,120,84.99411359601397,81.49937074764995,3.8350647430480658,-0.4343703338912032
38972,2026-02-28 19:14:00+00:00,81.85079543297469,39092,2026-02-28 21:14:00+00:00,83.93819763510719,TIMEOUT,0.025502527997321778,2.5502527997321778,25.502527997321778,120,84.99411359601397,81.49937074764995,3.8403025241376634,-0.4293479171042583
38973,2026-02-28 19:15:00+00:00,81.92901153531834,39093,2026-02-28 21:15:00+00:00,84.05211903032448,TIMEOUT,0.02591398889379862,2.591398889379862,25.91398889379862,120,84.99411359601397,81.49937074764995,3.7411681201283846,-0.5244061653095602
39176,2026-02-28 22:38:00+00:00,85.21102157005261,39296,2026-03-01 00:38:00+00:00,84.60890316534433,TIMEOUT,-0.007066203333958065,-0.7066203333958065,-7.066203333958065,120,85.21102157005261,83.98729641595193,0.0,-1.436111352208873
39257,2026-02-28 23:59:00+00:00,84.5464164616602,39377,2026-03-01 01:59:00+00:00,87.37393386880703,TIMEOUT,0.03344337377597832,3.344337377597832,33.44337377597832,120,87.37393386880703,84.32994469000748,3.344337377597832,-0.25603896736520526
39258,2026-03-01 00:00:00+00:00,84.54517927453888,39378,2026-03-01 02:00:00+00:00,87.52372983359079,TIMEOUT,0.035230282608779244,3.523028260877924,35.23028260877924,120,87.52372983359079,84.32994469000748,3.523028260877924,-0.25457936972666684
39259,2026-03-01 00:01:00+00:00,84.71470617457403,39379,2026-03-01 02:01:00+00:00,87.90232234811603,TIMEOUT,0.03762766014879618,3.7627660148796176,37.627660148796174,120,87.90232234811603,84.32994469000748,3.7627660148796176,-0.45418499566493703
39265,2026-03-01 00:07:00+00:00,84.47254591021041,39379,2026-03-01 02:01:00+00:00,87.85144774661883,TP_HIT,0.04000000000000001,4.000000000000001,40.00000000000001,114,87.90232234811603,84.32994469000748,4.060226196510374,-0.16881368812360786
39297,2026-03-01 00:39:00+00:00,84.51928751991048,39379,2026-03-01 02:01:00+00:00,87.9000590207069,TP_HIT,0.0400000000000001,4.00000000000001,40.0000000000001,82,87.90232234811603,84.32994469000748,4.002677882736056,-0.22402322056772386
39260,2026-03-01 00:02:00+00:00,84.64202829617389,39380,2026-03-01 02:02:00+00:00,88.02770942802086,TP_HIT,0.04000000000000011,4.0000000000000115,40.000000000000114,120,88.35465539334393,84.32994469000748,4.386269057942537,-0.36870998066632815
39261,2026-03-01 00:03:00+00:00,84.74895194712109,39380,2026-03-01 02:02:00+00:00,88.13891002500593,TP_HIT,0.03999999999999998,3.9999999999999982,39.99999999999998,119,88.35465539334393,84.32994469000748,4.254569954413853,-0.4944099572759841
39262,2026-03-01 00:04:00+00:00,84.72475847888386,39380,2026-03-01 02:02:00+00:00,88.11374881803921,TP_HIT,0.04000000000000002,4.000000000000002,40.00000000000002,118,88.35465539334393,84.32994469000748,4.284340232571761,-0.46599576790151265
39263,2026-03-01 00:05:00+00:00,84.602926683615,39380,2026-03-01 02:02:00+00:00,87.9870437509596,TP_HIT,0.040000000000000056,4.000000000000005,40.00000000000006,117,88.35465539334393,84.32994469000748,4.434514096372901,-0.32266258900046335
39264,2026-03-01 00:06:00+00:00,84.54500684236767,39380,2026-03-01 02:02:00+00:00,87.92680711606238,TP_HIT,0.040000000000000015,4.000000000000002,40.000000000000014,116,88.35465539334393,84.32994469000748,4.506059781956456,-0.2543759358387286
