entry_idx,entry_price,exit_idx,exit_price,roi,pnl,days_held,max_price,min_price,max_gain,max_loss,status
27,100.414034431575,107,103.42645546452226,0.03,30.0,80,103.4290672415394,100.414034431575,0.0300260100794867,0.0,closed_target
25,100.5292670565659,108,103.54514506826288,0.03,30.0,83,103.55443568934604,100.414034431575,0.030092417077684768,-0.0011462594761190894,closed_target
26,100.5346553816686,108,103.55069504311867,0.03,30.0,82,103.55443568934604,100.414034431575,0.030037207530211125,-0.0011997947338225963,closed_target
28,100.53156938565938,108,103.54751646722916,0.03,30.0,80,103.55443568934604,100.53156938565938,0.030068826361302786,0.0,closed_target
29,100.5509202309904,117,103.56744783792011,0.03,30.0,88,103.59263156827744,100.5509202309904,0.030250457482631436,0.0,closed_target
30,100.5778926560055,119,103.59522943568567,0.03,30.0,89,103.68332197997384,100.5778926560055,0.030875863889786047,0.0,closed_target
32,100.64292651241028,119,103.66221430778259,0.03,30.0,87,103.68332197997384,100.64292651241028,0.030209728322920387,0.0,closed_target
33,100.65575832604172,119,103.67543107582297,0.03,30.0,86,103.68332197997384,100.65575832604172,0.03007839496003108,0.0,closed_target
24,100.82306971440228,144,103.84776180583435,0.03,30.0,120,103.94328345699068,100.414034431575,0.03094741859603082,-0.004056961209234499,closed_target
31,100.76117303568248,144,103.78400822675295,0.03,30.0,113,103.94328345699068,100.64292651241028,0.03158072028579234,-0.0011735326188621925,closed_target
161,103.28259247895626,199,106.38107025332495,0.03,30.0,38,106.38959927736327,103.28259247895626,0.030082579492183677,0.0,closed_target
1625,98.2058706083802,1649,101.15204672663161,0.03,30.0,24,101.2690071103111,98.2058706083802,0.031190971404814492,0.0,closed_target
1624,98.3921405614676,1650,101.34390477831163,0.03,30.0,26,101.36907434804232,98.2058706083802,0.03025580874231481,-0.0018931385375342783,closed_target
1623,98.68611241926584,1651,101.64669579184381,0.03,30.0,28,101.6954785733684,98.2058706083802,0.030494322659274868,-0.004866356563376894,closed_target
1626,98.5341306892373,1651,101.49015460991443,0.03,30.0,25,101.6954785733684,98.5341306892373,0.03208378520232291,0.0,closed_target
1622,98.85109354712804,1692,101.81662635354189,0.03,30.0,70,101.95243446987992,98.2058706083802,0.031373865593841754,-0.006527221051330448,closed_target
1620,99.67728817181512,1713,102.66760681696958,0.03,30.0,93,102.7555950198935,98.2058706083802,0.030882730705637414,-0.014761813753386059,closed_target
1621,99.48646412872604,1713,102.47105805258782,0.03,30.0,92,102.7555950198935,98.2058706083802,0.032860057092164004,-0.012872037734589498,closed_target
1627,99.62513312339031,1713,102.61388711709202,0.03,30.0,86,102.7555950198935,98.91723788852674,0.03142241117636421,-0.007105588847613485,closed_target
1630,99.6269498076322,1713,102.61575830186116,0.03,30.0,83,102.7555950198935,98.91723788852674,0.03140360332522823,-0.007123694145769074,closed_target
1633,99.52019802915152,1713,102.50580397002607,0.03,30.0,80,102.7555950198935,98.91723788852674,0.03250995330409486,-0.006058671029253319,closed_target
1884,96.66198062823742,1908,99.56184004708454,0.03,30.0,24,99.68691690858503,96.2305693720814,0.0312939612936501,-0.0044630914176611095,closed_target
1881,97.11880276528058,1911,100.032366848239,0.03,30.0,30,100.04527593975924,96.2305693720814,0.03013292062044299,-0.009145843728591667,closed_target
1883,96.97701945001288,1911,99.88633003351326,0.03,30.0,28,100.04527593975924,96.2305693720814,0.03163900589178144,-0.007697185190520633,closed_target
1878,97.15958972891704,1934,100.07437742078456,0.03,30.0,56,100.11220025309176,96.2305693720814,0.03038928563215153,-0.009561797856780546,closed_target
1876,97.42198726382856,1937,100.34464688174342,0.03,30.0,61,100.50393110840496,96.2305693720814,0.03163499258365759,-0.012229455846765583,closed_target
1877,97.2653561808112,1937,100.18331686623553,0.03,30.0,60,100.50393110840496,96.2305693720814,0.033296284049722895,-0.010638801412562317,closed_target
1879,97.39404023747296,1937,100.31586144459716,0.03,30.0,58,100.50393110840496,96.2305693720814,0.0319310181952534,-0.011946017051502366,closed_target
1880,97.3236701047843,1937,100.24338020792783,0.03,30.0,57,100.50393110840496,96.2305693720814,0.03267715860074537,-0.011231602050415877,closed_target
1882,97.321954862342,1937,100.24161350821225,0.03,30.0,55,100.50393110840496,96.2305693720814,0.03269535893071339,-0.011214175586632152,closed_target
1875,98.46404850202342,1948,101.41796995708413,0.03,30.0,73,101.6015110761413,96.2305693720814,0.031864041971150676,-0.022683194159908163,closed_target
2003,98.21663148407468,2101,101.16313042859693,0.03,30.0,98,101.20358507275498,97.52720604498504,0.03041189199371608,-0.007019436817087676,closed_target
2009,98.1830450551014,2101,101.12853640675445,0.03,30.0,92,101.20358507275498,97.52720604498504,0.030764375009538693,-0.006679758299900992,closed_target
2006,98.27896718568758,2102,101.22733620125821,0.03,30.0,96,101.26373617258028,97.52720604498504,0.030370373970793795,-0.007649257641079695,closed_target
2001,98.35518628440605,2103,101.30584187293823,0.03,30.0,102,101.4127716093327,97.52720604498504,0.031087179440495053,-0.00841826720786033,closed_target
2002,98.3707013307117,2103,101.32182237063304,0.03,30.0,101,101.4127716093327,97.52720604498504,0.030924556168344115,-0.008574659673218356,closed_target
2004,98.3478211874903,2103,101.29825582311501,0.03,30.0,99,101.4127716093327,97.52720604498504,0.031164395762254615,-0.00834400938014519,closed_target
2010,98.3347366122205,2103,101.28477871058712,0.03,30.0,93,101.4127716093327,97.52720604498504,0.03130160412439318,-0.008212058068756802,closed_target
2005,98.5007304031072,2125,101.22942409927153,0.027702268653210425,27.702268653210425,120,101.4532561979576,97.52720604498504,0.029974658896105656,-0.009883422733395819,closed_timeout
2007,98.56652141049496,2127,101.52351705280981,0.03,30.0,120,101.540965705999,97.52720604498504,0.030177024134964918,-0.010544303995283931,closed_target
2008,98.6413373928622,2128,101.48569072103676,0.028835307826842013,28.835307826842012,120,101.540965705999,97.52720604498504,0.029395671123033883,-0.011294771313165326,closed_timeout
4220,97.760844354598,4340,99.6078798037045,0.01889340728693929,18.89340728693929,120,99.81703151282744,96.66224342659632,0.02103282936848658,-0.011237637473924053,closed_timeout
4224,97.80901607679854,4344,100.0692535556056,0.023108682302174915,23.108682302174916,120,100.14308890721124,96.66224342659632,0.02386357540474598,-0.01172461084059766,closed_timeout
4225,97.937507288736,4345,100.86363910737296,0.02987754027688533,29.87754027688533,120,100.86363910737296,96.66224342659632,0.02987754027688533,-0.01302119992067995,closed_timeout
4227,97.7259473746727,4345,100.65772579591288,0.03,30.0,118,100.86363910737296,96.66224342659632,0.032107048506479316,-0.01088456010560054,closed_target
4228,97.83595896836133,4345,100.77103773741217,0.03,30.0,117,100.86363910737296,96.66224342659632,0.03094649626719295,-0.01199677045271839,closed_target
4229,97.9071726856777,4345,100.84438786624803,0.03,30.0,116,100.86363910737296,96.66224342659632,0.030196627484962123,-0.012715404039682661,closed_target
4230,97.90589891842986,4345,100.84307588598276,0.03,30.0,115,100.86363910737296,96.66224342659632,0.030210030464122926,-0.012702559351093703,closed_target
4231,97.5332087055488,4345,100.45920496671526,0.03,30.0,114,100.86363910737296,96.66224342659632,0.034146630117324196,-0.008929935665111898,closed_target
4232,97.58012533386062,4345,100.50752909387644,0.03,30.0,113,100.86363910737296,96.66224342659632,0.033649411314836154,-0.009406443208838494,closed_target
4226,97.93066232372176,4346,100.86858219343341,0.03,30.0,120,101.30043733610772,96.66224342659632,0.034409805186926594,-0.012952214015795474,closed_target
5387,94.7122423414322,5507,92.2521650838064,-0.025974226739953647,-25.974226739953647,120,94.7122423414322,91.78518496029191,0.0,-0.030904741655132743,closed_timeout
5603,90.5078317146388,5697,93.22306666607797,0.03,30.0,94,93.229936080321,90.02189736808045,0.030075898561626065,-0.005368975671524752,closed_target
5602,90.60551491550912,5698,93.3236803629744,0.03,30.0,96,93.5681018896926,90.02189736808045,0.03269764513723181,-0.006441302695237753,closed_target
5604,90.522718320042,5698,93.23839986964326,0.03,30.0,94,93.5681018896926,90.02189736808045,0.033642201937459267,-0.0055325443298212835,closed_target
5597,91.11109263558224,5710,93.8444254146497,0.03,30.0,113,93.88873180303553,90.02189736808045,0.030486289727234783,-0.011954584628440977,closed_target
5598,91.01590432160248,5710,93.74638145125056,0.03,30.0,112,93.88873180303553,90.02189736808045,0.0315640162326134,-0.010921244599292584,closed_target
5599,90.9723048111207,5710,93.70147395545432,0.03,30.0,111,93.88873180303553,90.02189736808045,0.03205840500545745,-0.010447217370314092,closed_target
5600,91.1165661143842,5710,93.85006309781572,0.03,30.0,110,93.88873180303553,90.02189736808045,0.030424387209360568,-0.012013937673304642,closed_target
5601,90.9414096758618,5710,93.66965196613766,0.03,30.0,109,93.88873180303553,90.02189736808045,0.03240902178313182,-0.010111040845515095,closed_target
5595,91.48117599817095,5715,93.53093387239744,0.022406334984887696,22.406334984887696,120,94.13830253773568,90.02189736808045,0.029045609772417602,-0.015951682017289387,closed_timeout
5596,91.45503281843202,5716,93.20726170314948,0.0191594582683734,19.1594582683734,120,94.13830253773568,90.02189736808045,0.02933977099577264,-0.015670383643039208,closed_timeout
5881,89.362954968754,5900,92.04384361781662,0.03,30.0,19,92.16812432399882,89.362954968754,0.03139074078543692,0.0,closed_target
5883,89.54318887548897,5901,92.22948454175364,0.03,30.0,18,92.32460889463135,89.54318887548897,0.031062329296871374,0.0,closed_target
5884,89.71395844586363,5902,92.40537719923954,0.03,30.0,18,92.52237135740076,89.71395844586363,0.031304079768499145,0.0,closed_target
5882,89.8693249803235,5903,92.5654047297332,0.03,30.0,21,92.67184525790114,89.54318887548897,0.031184392207143447,-0.003629003610586129,closed_target
7220,77.85671966843952,7259,80.19242125849271,0.03,30.0,39,80.74876888154286,77.85671966843952,0.037145788127465544,0.0,closed_target
7224,78.11651350474465,7259,80.46000890988698,0.03,30.0,35,80.74876888154286,78.01981389302473,0.03369652918058529,-0.0012378894984098297,closed_target
7225,78.09844504974407,7259,80.4413984012364,0.03,30.0,34,80.74876888154286,78.01981389302473,0.03393567989875711,-0.0010068210278611311,closed_target
7230,78.3698021266072,7259,80.72089619040541,0.03,30.0,29,80.74876888154286,78.01981389302473,0.030355656010109814,-0.004465855777166001,closed_target
7231,78.04120696258141,7259,80.38244317145886,0.03,30.0,28,80.74876888154286,78.01981389302473,0.034694003646812466,-0.0002741253036608925,closed_target
7247,78.20152757773181,7259,80.54757340506377,0.03,30.0,12,80.74876888154286,78.01981389302473,0.03257278192269464,-0.0023236590171011023,closed_target
7248,78.09300178467382,7259,80.43579183821403,0.03,30.0,11,80.74876888154286,78.01981389302473,0.03400774763648861,-0.0009371888642581,closed_target
7249,78.01981389302473,7259,80.36040830981548,0.03,30.0,10,80.74876888154286,78.01981389302473,0.0349777172278298,0.0,closed_target
7250,78.17577331523842,7259,80.52104651469557,0.03,30.0,9,80.74876888154286,78.17577331523842,0.03291295317193749,0.0,closed_target
7311,78.38230527667841,7379,80.73377443497877,0.03,30.0,68,80.81665689700733,77.65546586629037,0.031057412916550616,-0.009273003745199867,closed_target
7273,78.74977149317358,7384,81.11226463796879,0.03,30.0,111,81.3431496812907,77.65546586629037,0.03293188207335841,-0.01389598478997583,closed_target
7306,78.87227818755724,7384,81.23844653318396,0.03,30.0,78,81.3431496812907,77.65546586629037,0.03132750252069244,-0.015427629950960819,closed_target
7307,78.7812919249182,7384,81.14473068266574,0.03,30.0,77,81.3431496812907,77.65546586629037,0.03251860554424596,-0.014290525467655203,closed_target
7308,78.77930419571724,7384,81.14268332158876,0.03,30.0,76,81.3431496812907,77.65546586629037,0.032544657657852645,-0.014265654424096457,closed_target
7309,78.89408561176171,7384,81.26090818011457,0.03,30.0,75,81.3431496812907,77.65546586629037,0.031042429233299522,-0.015699779468471124,closed_target
7310,78.90552297638995,7384,81.27268866568164,0.03,30.0,74,81.3431496812907,77.65546586629037,0.030892979514629614,-0.015842453898615143,closed_target
7312,78.58500137854165,7384,80.9425514198979,0.03,30.0,72,81.3431496812907,77.65546586629037,0.03509764273545189,-0.011828408677805222,closed_target
7313,78.8514250306653,7384,81.21696778158525,0.03,30.0,71,81.3431496812907,77.65546586629037,0.03160024881803175,-0.015167248580603561,closed_target
7316,78.84182301139805,7384,81.20707770173999,0.03,30.0,68,81.3431496812907,77.65546586629037,0.03172588575902203,-0.015047307378168666,closed_target
7448,74.18062510527434,7488,76.40604385843258,0.03,30.0,40,76.6502668636522,67.85742026926611,0.033292274834204195,-0.08524065181487182,closed_target
7447,75.54145537971311,7529,77.80769904110451,0.03,30.0,82,77.88146814330496,67.85742026926611,0.030976538005915374,-0.10171944757779408,closed_target
7446,75.62929423293521,7530,77.89817305992327,0.03,30.0,84,78.01381229460837,67.85742026926611,0.03152902702395902,-0.10276274613553886,closed_target
7489,75.8394219502745,7531,78.11460460878274,0.03,30.0,42,78.22497381156944,75.32506012851229,0.03145530121338574,-0.006782248710960091,closed_target
7445,76.02057346962745,7538,78.30119067371628,0.03,30.0,93,78.40097231162055,67.85742026926611,0.03131256097330207,-0.10738084215614035,closed_target
7440,76.5193670092181,7542,78.81494801949465,0.03,30.0,102,78.91378624037944,67.85742026926611,0.03129167588217094,-0.11319940400066957,closed_target
7444,76.42119660759818,7542,78.71383250582612,0.03,30.0,98,78.91378624037944,67.85742026926611,0.03261646955857055,-0.11206022305964009,closed_target
7441,76.77917805829497,7543,79.08255340004382,0.03,30.0,102,79.24260779318337,67.85742026926611,0.03208460675390432,-0.11620022530398763,closed_target
7443,76.6229209253066,7543,78.9216085530658,0.03,30.0,100,79.24260779318337,67.85742026926611,0.034189337031806495,-0.11439789230412209,closed_target
7442,77.0275226437947,7544,79.33834832310853,0.03,30.0,102,79.46302164372766,67.85742026926611,0.031618555502500804,-0.11904968587571889,closed_target
7439,77.55417674475088,7556,79.88080204709341,0.03,30.0,117,80.01547635590146,67.85742026926611,0.0317365190949199,-0.12503203415335165,closed_target
7611,76.40779779027115,7731,77.61428898608962,0.015790157951288217,15.790157951288217,120,77.91668663757201,75.73525663310045,0.019747838452857366,-0.008801996348811559,closed_timeout
7612,76.68787638162932,7732,77.74838000698372,0.013828830258343743,13.828830258343743,120,77.91668663757201,75.73525663310045,0.016023526976123872,-0.012422038443055335,closed_timeout
7628,76.340505343355,7742,78.63072050365565,0.03,30.0,114,78.6621104614928,75.73525663310045,0.03041118352172237,-0.007928277492169369,closed_target
7629,76.2835035673995,7742,78.5720086744215,0.03,30.0,113,78.6621104614928,75.73525663310045,0.031181143797252328,-0.007186965840060826,closed_target
7626,76.65569144652268,7746,78.59559010576403,0.02530664876455628,25.30664876455628,120,78.6621104614928,75.73525663310045,0.026174429805644096,-0.012007390397937457,closed_timeout
7627,76.37915448470862,7747,78.67052911924988,0.03,30.0,120,78.95212081929864,75.73525663310045,0.0336867611581788,-0.00843028252868502,closed_target
7630,76.49664348842616,7747,78.79154279307895,0.03,30.0,117,78.95212081929864,75.73525663310045,0.03209915126856506,-0.00995320605721619,closed_target
7631,76.61120764961987,7747,78.90954387910847,0.03,30.0,116,78.95212081929864,75.73525663310045,0.03055575341384644,-0.011433718947827722,closed_target
7633,76.58842738284268,7747,78.88608020432797,0.03,30.0,114,78.95212081929864,75.73525663310045,0.030862279292412715,-0.011139682310977445,closed_target
7632,76.67181058896125,7749,78.97196490663009,0.03,30.0,117,79.04256565545236,75.73525663310045,0.03092081755054368,-0.012215101595574443,closed_target
7732,77.74838000698372,7785,80.08083140719323,0.03,30.0,53,80.44939625348117,77.56881907288414,0.034740482647417574,-0.0023095135111941218,closed_target
7733,77.7175344183688,7785,80.04906045091987,0.03,30.0,52,80.44939625348117,77.56881907288414,0.03515116447732655,-0.0019135365860179839,closed_target
7744,78.27501861805648,7786,80.62326917659817,0.03,30.0,42,80.72369537335744,78.20459722716126,0.031282991668763464,-0.000899666229896942,closed_target
7743,78.40627648897245,7787,80.75846478364163,0.03,30.0,44,80.8144453757155,78.20459722716126,0.030713981004846486,-0.002572233637948092,closed_target
7750,78.8471165771551,7788,81.21253007446975,0.03,30.0,38,81.21378912334052,78.5254291010719,0.03001596822972629,-0.004079888904604754,closed_target
7751,78.8006018750151,7788,81.16461993126556,0.03,30.0,37,81.21378912334052,78.5254291010719,0.030623969752831937,-0.0034920136064399638,closed_target
7752,78.61949923662804,7788,80.97808421372689,0.03,30.0,36,81.21378912334052,78.5254291010719,0.03299804643761735,-0.0011965242270625552,closed_target
7747,78.95212081929864,7789,81.32068444387761,0.03,30.0,42,81.4976703355707,78.5254291010719,0.032241686351886324,-0.005404436433105301,closed_target
7748,78.89035130396528,7789,81.25706184308423,0.03,30.0,41,81.4976703355707,78.5254291010719,0.03304991026797945,-0.004625688653449309,closed_target
7749,79.04256565545236,7789,81.41384262511593,0.03,30.0,40,81.4976703355707,78.5254291010719,0.031060538834482856,-0.0065425071933352535,closed_target
7815,80.50328946294918,7935,79.22529461772888,-0.015875063661945018,-15.875063661945019,120,80.63154062581191,78.71858027595152,0.0015931170479903313,-0.02216939455398346,closed_timeout
7945,79.04366691049172,8025,81.41497691780647,0.03,30.0,80,81.46057669122308,78.71433581630711,0.030576893446355977,-0.004166445043061343,closed_target
7946,78.90474333102165,8025,81.2718856309523,0.03,30.0,79,81.46057669122308,78.71433581630711,0.032391377910947455,-0.002413131412337755,closed_target
7933,79.09250899885477,8028,81.46528426882041,0.03,30.0,95,81.49417976931029,78.71433581630711,0.03036533801817186,-0.0047814032875494105,closed_target
7944,79.11511830935261,8028,81.4885718586332,0.03,30.0,84,81.49417976931029,78.71433581630711,0.030070882920950413,-0.005065814241449712,closed_target
7947,79.09569008658139,8028,81.46856078917882,0.03,30.0,81,81.49417976931029,78.71433581630711,0.030323898560129164,-0.00482142920627946,closed_target
7934,79.22753511061475,8054,81.60436116393319,0.03,30.0,120,81.64730045412223,78.71433581630711,0.030541974329115318,-0.0064775370531359915,closed_target
7939,79.35035804759748,8055,81.73086878902541,0.03,30.0,116,81.83029282324362,78.71433581630711,0.0312529752437737,-0.008015366873440665,closed_target
7942,79.28993547805563,8055,81.6686335423973,0.03,30.0,113,81.83029282324362,78.71433581630711,0.03203883733631076,-0.007259429059666924,closed_target
7938,79.659214694108,8058,81.30582860078408,0.0206707273351751,20.670727335175098,120,81.83029282324362,78.71433581630711,0.027254576102370323,-0.01186151384280188,closed_timeout
7943,79.49834232308419,8063,81.48465464452009,0.024985581628399964,24.985581628399963,120,81.83029282324362,78.71433581630711,0.02933332233120414,-0.009861922700109192,closed_timeout
8026,81.38767846103943,8096,83.82930881487061,0.03,30.0,70,85.02955573075901,80.46489707716133,0.044747280406369695,-0.011338096887968637,closed_target
8027,81.41029891839862,8096,83.85260788595059,0.03,30.0,69,85.02955573075901,80.46489707716133,0.044456989600150494,-0.011612803954754173,closed_target
8029,81.4105952047948,8096,83.85291306093865,0.03,30.0,67,85.02955573075901,80.46489707716133,0.04445318839470993,-0.011616401099322498,closed_target
8030,81.37316700128092,8096,83.81436201131935,0.03,30.0,66,85.02955573075901,80.46489707716133,0.04493359253696663,-0.01116178658875716,closed_target
8031,81.41266889573436,8096,83.85504896260639,0.03,30.0,65,85.02955573075901,80.46489707716133,0.044426584757426696,-0.011641576568222416,closed_target
8056,81.43950501873549,8096,83.88269016929756,0.03,30.0,40,85.02955573075901,80.46489707716133,0.044082423035326904,-0.011967262587732463,closed_target
8057,81.27848945156616,8096,83.71684413511315,0.03,30.0,39,85.02955573075901,80.46489707716133,0.04615078730551599,-0.0100099347305126,closed_target
8058,81.30582860078408,8096,83.7450034588076,0.03,30.0,38,85.02955573075901,80.46489707716133,0.045799018275290315,-0.010342819673504285,closed_target
8059,81.2990476913345,8096,83.73801912207453,0.03,30.0,37,85.02955573075901,80.46489707716133,0.045886245231162144,-0.010260275339757503,closed_target
8064,81.4108802906615,8096,83.85320669938135,0.03,30.0,32,85.02955573075901,80.46489707716133,0.0444495309125482,-0.011619862236137528,closed_target
10450,86.97834826540615,10570,86.27992419434149,-0.008029861281493756,-8.029861281493757,120,87.81672397955835,85.97879379184619,0.009638901299826582,-0.01149199189791375,closed_timeout
10916,83.74369217085936,10922,86.25600293598515,0.03,30.0,6,86.28598796537472,83.71280834487197,0.030358057169588316,-0.0003687898776229836,closed_target
10919,83.71280834487197,10922,86.22419259521814,0.03,30.0,3,86.28598796537472,83.71280834487197,0.030738182977950092,0.0,closed_target
10915,84.10524066978304,10982,86.62839788987654,0.03,30.0,67,86.6759800418295,83.71280834487197,0.03056574538725581,-0.004665967563803206,closed_target
10947,84.1053494321757,10982,86.62850991514097,0.03,30.0,35,86.6759800418295,84.008710484543,0.03056441269204659,-0.001149022604211754,closed_target
10913,84.1700901592719,10985,86.69519286405006,0.03,30.0,72,87.06132650446044,83.71280834487197,0.034349925724417876,-0.005432830278958034,closed_target
10914,84.16730725721793,10985,86.69232647493446,0.03,30.0,71,87.06132650446044,83.71280834487197,0.03438412539916832,-0.005399945978513861,closed_target
10983,84.5172126780311,10985,87.05272905837204,0.03,30.0,2,87.06132650446044,84.4891424389844,0.030101724202869273,-0.0003321245241916844,closed_target
10989,84.65205672574095,10992,87.19161842751318,0.03,30.0,3,87.2908716149919,84.65205672574095,0.031172484063798803,0.0,closed_target
10950,84.9222189680314,10993,87.46988553707234,0.03,30.0,43,87.71667825082336,84.008710484543,0.03290610298164635,-0.01075700204951411,closed_target
10951,84.89232350242744,10993,87.43909320750026,0.03,30.0,42,87.71667825082336,84.008710484543,0.03326984857841897,-0.010408632741206294,closed_target
10952,84.96257439158725,10993,87.51145162333488,0.03,30.0,41,87.71667825082336,84.008710484543,0.03241549445691954,-0.011226871524018935,closed_target
10953,84.93685729461801,10993,87.48496301345655,0.03,30.0,40,87.71667825082336,84.008710484543,0.03272808819100843,-0.010927491781990123,closed_target
10954,84.86872771364797,10993,87.41478954505742,0.03,30.0,39,87.71667825082336,84.008710484543,0.033557125385271995,-0.010133499726857188,closed_target
10955,84.95561342407828,10993,87.50428182680064,0.03,30.0,38,87.71667825082336,84.008710484543,0.03250008699204493,-0.01114585489258447,closed_target
10994,84.66643610827096,11002,87.20642919151909,0.03,30.0,8,87.68563852703109,84.64195880232819,0.03565996819447073,-0.0002891028259588695,closed_target
11309,83.7793615405973,11429,84.99081032127691,0.01445999060392196,14.45999060392196,120,85.68294225837067,83.63403672967374,0.02272135622388283,-0.0017346134925262462,closed_timeout
11315,83.7837436312505,11434,86.29725594018802,0.03,30.0,119,86.31293733687417,83.63403672967374,0.030187165146918847,-0.0017868251654599545,closed_target
11319,83.95866747063177,11436,86.47742749475073,0.03,30.0,117,86.50584461327804,83.63403672967374,0.03033846557339972,-0.0038665542312422015,closed_target
11320,84.00049286537579,11437,86.52050765133707,0.03,30.0,117,86.65036152442649,83.63403672967374,0.031545870371231445,-0.004362547447065057,closed_target
11347,84.95164117963596,11467,87.50019041502503,0.03,30.0,120,87.50549636977715,84.30951124444238,0.030062458531447244,-0.007558770216525342,closed_target
11348,84.82614226431166,11467,87.37092653224101,0.03,30.0,119,87.50549636977715,84.30951124444238,0.03158641939788837,-0.006090469353887364,closed_target
11350,84.8199234866445,11467,87.36452119124384,0.03,30.0,117,87.50549636977715,84.30951124444238,0.031662052649169305,-0.00601759847475564,closed_target
11351,84.86239293382707,11467,87.40826472184187,0.03,30.0,116,87.50549636977715,84.30951124444238,0.031145756613428135,-0.006515037701279647,closed_target
11352,84.93250565570428,11467,87.48048082537541,0.03,30.0,115,87.50549636977715,84.30951124444238,0.030294534397738732,-0.007335170515130772,closed_target
11353,85.032624639886,11469,87.58360337908258,0.03,30.0,116,87.5844580315971,84.30951124444238,0.030010050877744148,-0.00850395243597397,closed_target
12390,84.15818546916222,12510,84.40725838474597,0.002959580392510003,2.959580392510003,120,84.95619662186475,84.15818546916222,0.009482276123870814,0.0,closed_timeout
17025,80.2793218840068,17139,82.68770154052702,0.03,30.0,114,82.9967793622165,79.83290078571882,0.03385003029965884,-0.005560847897208267,closed_target
17027,80.3965477437835,17139,82.80844417609701,0.03,30.0,112,82.9967793622165,79.83290078571882,0.032342578026107564,-0.007010835339111476,closed_target
17028,80.41226375012822,17139,82.82463166263207,0.03,30.0,111,82.9967793622165,79.83290078571882,0.032140813994732995,-0.007204908025095544,closed_target
17029,80.52270182883059,17139,82.93838288369551,0.03,30.0,110,82.9967793622165,79.83290078571882,0.03072521757460556,-0.008566541204468038,closed_target
17031,80.5109204386307,17139,82.92624805178963,0.03,30.0,108,82.9967793622165,79.83290078571882,0.03087604650453147,-0.008421461948490635,closed_target
17032,80.29085648910811,17139,82.69958218378136,0.03,30.0,107,82.9967793622165,79.83290078571882,0.03370150713830616,-0.005703709281659144,closed_target
17033,80.2195436295788,17139,82.62612993846616,0.03,30.0,106,82.9967793622165,79.83290078571882,0.034620437950405834,-0.004819808569908267,closed_target
17034,80.18696727531511,17139,82.59257629357457,0.03,30.0,105,82.9967793622165,79.83290078571882,0.035040757648984754,-0.004415511667633406,closed_target
17026,80.81818627581096,17140,83.24273186408529,0.03,30.0,114,83.3688190087552,79.83290078571882,0.03156013331256416,-0.012191383344456921,closed_target
17030,80.67673538540373,17140,83.09703744696584,0.03,30.0,110,83.3688190087552,79.83290078571882,0.033368772428520016,-0.010459453963448053,closed_target
25943,81.59878651451434,26063,82.0349939698052,0.005345759096714815,5.345759096714815,120,82.18825414705923,81.1415852368153,0.007223975474684664,-0.0056030401581734,closed_timeout
27101,82.8086458464948,27221,84.11695259475748,0.015799156415236312,15.799156415236313,120,84.18864503760872,81.77467679523048,0.01666491677296687,-0.01248624513412555,closed_timeout
32007,75.92419791396203,32035,78.2019238513809,0.03,30.0,28,78.23035210816806,75.92419791396203,0.03037442946475884,0.0,closed_target
33468,79.11239967720459,33569,81.48577166752074,0.03,30.0,101,81.56544681207428,78.76606589723448,0.03100711323229539,-0.004377743329531462,closed_target
33461,79.26010309192587,33573,81.63790618468364,0.03,30.0,112,81.69443985138092,78.76606589723448,0.030713267640236425,-0.00623311319843229,closed_target
33462,79.24465021584317,33573,81.62198972231846,0.03,30.0,111,81.69443985138092,78.76606589723448,0.030914258929342527,-0.006039326532518408,closed_target
33463,79.21168048059597,33573,81.58803089501386,0.03,30.0,110,81.69443985138092,78.76606589723448,0.03134334931062515,-0.005625617089018196,closed_target
33464,79.217284278334,33573,81.59380280668402,0.03,30.0,109,81.69443985138092,78.76606589723448,0.03127039251110024,-0.005695958719237881,closed_target
33465,79.27451544098967,33573,81.65275090421936,0.03,30.0,108,81.69443985138092,78.76606589723448,0.030525880819701617,-0.0064137830540720265,closed_target
33466,79.37426499404965,33575,81.75549294387115,0.03,30.0,109,81.81134436392918,78.76606589723448,0.03070364645344715,-0.0076624217794113,closed_target
33470,79.41713034219903,33575,81.799644252465,0.03,30.0,105,81.81134436392918,78.76606589723448,0.03014732478262265,-0.008198035388072915,closed_target
33469,79.47800749860843,33576,81.86234772356669,0.03,30.0,107,81.86350481924552,78.76606589723448,0.030014558690073516,-0.008957718289382334,closed_target
33467,79.5620367103383,33577,81.94889781164845,0.03,30.0,110,82.01458696858676,78.76606589723448,0.030825634431374052,-0.010004404688654642,closed_target
34337,83.83601828563332,34438,86.35109883420232,0.03,30.0,101,86.35988457065012,83.83601828563332,0.030104796680799836,0.0,closed_target
34338,83.98569668825893,34458,86.27377310080408,0.027243643891389207,27.24364389138921,120,86.42268667738709,83.94080766912157,0.029016726481103924,-0.0005344840955952122,closed_timeout
34339,83.94080766912157,34459,86.32760437788251,0.028434283336529607,28.434283336529607,120,86.42268667738709,83.94080766912157,0.029567013675262807,0.0,closed_timeout
34340,83.98524136216177,34460,86.27454061799426,0.0272583518092251,27.2583518092251,120,86.42268667738709,83.98524136216177,0.029022305296647878,0.0,closed_timeout
34341,84.0039888189163,34461,86.31111306695381,0.027464460681871628,27.46446068187163,120,86.42268667738709,84.0039888189163,0.028792654878385282,0.0,closed_timeout
34342,84.07621749105908,34462,86.31626486201976,0.026643056000930285,26.643056000930287,120,86.42268667738709,84.07320743196792,0.027908833869429706,-3.5801552222390935e-05,closed_timeout
34343,84.08318383148361,34463,86.60567934642812,0.03,30.0,120,86.8396166982328,84.07320743196792,0.03278221329336831,-0.00011864916456645756,closed_target
34344,84.20148839193885,34463,86.72753304369702,0.03,30.0,119,86.8396166982328,84.07320743196792,0.031331136262272,-0.0015234999098094073,closed_target
34345,84.27118047530693,34463,86.79931588956615,0.03,30.0,118,86.8396166982328,84.07320743196792,0.03047822765077403,-0.002349237808494075,closed_target
34346,84.2872600305362,34463,86.8158778314523,0.03,30.0,117,86.8396166982328,84.07320743196792,0.030281642406834834,-0.0025395605277801,closed_target
34439,86.18466331464315,34557,88.77020321408244,0.03,30.0,118,88.81513743989368,85.85975810030305,0.030521371484009737,-0.00376987275745253,closed_target
34460,86.27454061799426,34558,88.8627768365341,0.03,30.0,98,88.91492435777455,86.27454061799426,0.030604436962131863,0.0,closed_target
34461,86.31111306695381,34558,88.90044645896242,0.03,30.0,97,88.91492435777455,86.31111306695381,0.030167740842374478,0.0,closed_target
34462,86.31626486201976,34558,88.90575280788036,0.03,30.0,96,88.91492435777455,86.31626486201976,0.030106255175763874,0.0,closed_target
34459,86.32760437788251,34579,88.16591811491584,0.021294622389687386,21.294622389687387,120,88.91492435777455,86.27454061799426,0.02997094612479396,-0.0006146789346310363,closed_timeout
38414,78.3201186364286,38533,80.66972219552146,0.03,30.0,119,80.97296448151545,78.3201186364286,0.03387183129026749,0.0,closed_target
38415,78.35942966761668,38533,80.71021255764518,0.03,30.0,118,80.97296448151545,78.33494840696444,0.03335316279080643,-0.00031242264978294763,closed_target
38416,78.35748605150641,38533,80.7082106330516,0.03,30.0,117,80.97296448151545,78.33494840696444,0.033378794570946446,-0.0002876259267321982,closed_target
38417,78.34888597881137,38533,80.6993525581757,0.03,30.0,116,80.97296448151545,78.33494840696444,0.03349222480857909,-0.0001778911298201888,closed_target
38418,78.33494840696444,38533,80.68499685917338,0.03,30.0,115,80.97296448151545,78.33494840696444,0.03367610661905368,0.0,closed_target
38419,78.3811974365159,38533,80.73263335961138,0.03,30.0,114,80.97296448151545,78.3811974365159,0.033066183341977126,0.0,closed_target
38420,78.42196098258007,38533,80.77461981205748,0.03,30.0,113,80.97296448151545,78.42196098258007,0.032529198032959526,0.0,closed_target
38421,78.47416454521483,38533,80.82838948157128,0.03,30.0,112,80.97296448151545,78.43478732952975,0.03184232607995296,-0.0005017857267201682,closed_target
38422,78.52101360594834,38533,80.8766440141268,0.03,30.0,111,80.97296448151545,78.43478732952975,0.031226683953317687,-0.0010981299458423402,closed_target
38423,78.47983413854824,38533,80.83422916270469,0.03,30.0,110,80.97296448151545,78.43478732952975,0.03176778302774997,-0.0005739921536908629,closed_target
38574,79.03834857558,38657,81.4094990328474,0.03,30.0,83,81.49055557415284,78.68044780110104,0.031025534348404608,-0.004528191452997311,closed_target
38575,79.0914745832683,38657,81.46421882076635,0.03,30.0,82,81.49055557415284,78.68044780110104,0.03033299105276847,-0.005196853192242888,closed_target
38576,79.03180114253453,38657,81.40275517681057,0.03,30.0,81,81.49055557415284,78.68044780110104,0.031110950226022536,-0.004445721043353493,closed_target
38577,79.0263093303779,38657,81.39709861028923,0.03,30.0,80,81.49055557415284,78.68044780110104,0.031182605699994082,-0.004376536525715112,closed_target
38578,79.026305413524,38657,81.39709457592973,0.03,30.0,79,81.49055557415284,78.68044780110104,0.03118265680945173,-0.004376487178708133,closed_target
38579,79.026360929784,38657,81.39715175767753,0.03,30.0,78,81.49055557415284,78.68044780110104,0.031181932400484714,-0.004377186607267852,closed_target
38580,79.01109690891232,38657,81.38142981617969,0.03,30.0,77,81.49055557415284,78.68044780110104,0.03138114470298963,-0.004184843911134033,closed_target
38581,79.01953512051506,38657,81.39012117413051,0.03,30.0,76,81.49055557415284,78.68044780110104,0.03127100722459516,-0.004291183425679075,closed_target
38582,79.0280277758899,38657,81.3988686091666,0.03,30.0,75,81.49055557415284,78.68044780110104,0.031160182881524664,-0.004398186119164396,closed_target
38583,78.91856793929102,38657,81.28612497746975,0.03,30.0,74,81.49055557415284,78.68044780110104,0.03259039921809456,-0.003017289142564786,closed_target
38966,81.83952227512496,39062,84.29470794337871,0.03,30.0,96,84.41188893016401,81.49937074764995,0.031431838597387754,-0.0041563234732908995,closed_target
38967,81.78167226611117,39062,84.2351224340945,0.03,30.0,95,84.41188893016401,81.49937074764995,0.03216144389288494,-0.0034518922227786864,closed_target
38968,81.81115897892022,39062,84.26549374828782,0.03,30.0,94,84.41188893016401,81.49937074764995,0.031789428040176114,-0.003811072171103297,closed_target
38969,81.87956100442021,39062,84.33594783455283,0.03,30.0,93,84.41188893016401,81.49937074764995,0.030927473165215116,-0.004643286457651359,closed_target
38970,81.93349628667471,39062,84.39150117527495,0.03,30.0,92,84.41188893016401,81.49937074764995,0.030248832965918175,-0.005298511093751124,closed_target
38971,81.85492425544471,39062,84.31057198310806,0.03,30.0,91,84.41188893016401,81.49937074764995,0.03123776239459675,-0.004343703338912032,closed_target
38972,81.85079543297469,39062,84.30631929596393,0.03,30.0,90,84.41188893016401,81.49937074764995,0.03128978140825187,-0.004293479171042583,closed_target
38973,81.92901153531834,39062,84.38688188137789,0.03,30.0,89,84.41188893016401,81.49937074764995,0.03030522824964564,-0.005244061653095601,closed_target
38964,82.02264818164687,39063,84.48332762709629,0.03,30.0,99,84.67373567416196,81.49937074764995,0.03232140818769964,-0.00637967007402732,closed_target
38965,82.03613144174352,39063,84.49721538499583,0.03,30.0,98,84.67373567416196,81.49937074764995,0.032151738338508644,-0.0065429791076233755,closed_target
39176,85.21102157005261,39296,84.60890316534433,-0.007066203333958065,-7.066203333958065,120,85.21102157005261,83.98729641595193,0.0,-0.014361113522088732,closed_timeout
39257,84.5464164616602,39377,87.08280895551,0.03,30.0,120,87.37393386880703,84.32994469000748,0.03344337377597832,-0.0025603896736520527,closed_target
39258,84.54517927453888,39377,87.08153465277505,0.03,30.0,119,87.37393386880703,84.32994469000748,0.03345849661140926,-0.0025457936972666686,closed_target
39259,84.71470617457403,39377,87.25614735981125,0.03,30.0,118,87.37393386880703,84.32994469000748,0.03139039033852102,-0.0045418499566493705,closed_target
39260,84.64202829617389,39377,87.18128914505911,0.03,30.0,117,87.37393386880703,84.32994469000748,0.032275993706977715,-0.0036870998066632814,closed_target
39261,84.74895194712109,39377,87.29142050553472,0.03,30.0,116,87.37393386880703,84.32994469000748,0.03097362104635577,-0.004944099572759841,closed_target
39262,84.72475847888386,39377,87.26650123325038,0.03,30.0,115,87.37393386880703,84.32994469000748,0.03126801937810696,-0.004659957679015126,closed_target
39263,84.602926683615,39377,87.14101448412345,0.03,30.0,114,87.37393386880703,84.32994469000748,0.0327530889747422,-0.0032266258900046333,closed_target
39264,84.54500684236767,39377,87.0813570476387,0.03,30.0,113,87.37393386880703,84.32994469000748,0.033460604382158636,-0.002543759358387286,closed_target
39265,84.47254591021041,39377,87.00672228751672,0.03,30.0,112,87.37393386880703,84.32994469000748,0.034347111565462086,-0.0016881368812360787,closed_target
39297,84.51928751991048,39377,87.05486614550779,0.03,30.0,80,87.37393386880703,84.32994469000748,0.03377508770674473,-0.0022402322056772387,closed_target
